Borrelia burgdorferi B31;smpB;Bacteria;Spirochaetes;Roles will be associated as soon as possible;31026;31016;AAGGAATAGAT
Borrelia burgdorferi B31;smpB;Bacteria;Spirochaetes;smpB;31026;31016;AAGGAATAGAT
Borrelia burgdorferi B31;cheR;Bacteria;Spirochaetes;02030 Bacterial chemotaxis;39825;31480;AAGCTCTTTTAATTACAATTGAGCAATTGCAATACAGAATTGCAATCACCCATTTTTGTAATAAATAAAATTAATAGCTTTTTTTGAAAGACAGTTCAAACCCAAGAGCACTGGATTGGCCCATTGCAACATCAAAACTAGGTTCAAATCCTCCTAAAGCTACATTAAGGCTATTTTTTAGCTTCCTATTATAACTATTAGCAAATGTAAATGGAAGAATAATTTCTGTTAATCTTGTCACAGCCATAGTAACCACACCTGCTAACATAACTCCCTTACCCCAAGTCCATTGAAAAGCAGCTTTTTTAGTAATACCATCAAGCGCTTTGATATCCAAATAAGCCCCCGCAAGTATAAGCCCTATACCAACCGCATCAAATCCAAGAATAAGAGAACCTCCAAGAATATCTCCTTGAGCAAAGGAGCCTATTCCAAACCCTAAAAAAAGGTTCAATAAAAATGGTACAATAGGATCTTGCTTGCTAGTTTCATAAACCAAAAGTTTTTCTCCAGCACTCATCCCAAACGCACCATTTTTAGAATCATTAGCTTGAGCAAAGCTAGAAAAAACACAAAAGGTTGCCAAAACAAAAATTAAAAGTTTATTCATAAAAACCCCTTTATTAAAACTGGTACTATGGTAGCATATTAATGAAATTTAAAAAAGGTTTTTAAAGTTATTTAAATTTAACTTTTTTCAAATTATTGCTTGAAATTCGCTTCCCAATAGAGCTTCTTGATTTGACCATAAAATTATCAATTTCAATTCTTTTAACAATGTCTTTATTTGTAGAAAATTCTACAAATTCTGGATTCAATGAAAAATCGACAAATTCATCATTTTCTCCCAAGAATTCATAAACCTTATCTGTAATAAATTTATCTATTTTAAACCTTTTAACATAATAAAAATTGTCAAGCCTGTTAAAATAAATTATTGAAAATATTTGCTCTTTTGAATTATTTATATCATAAACTAAAGCACATACATTCTTTTTATCTATAAATGTCTTGTCTTCAATATTTTTAAGAACATAACTATTTTCTCTAAAAACTAATATTTTATCATAATAACTAGCATTTCCAATAAATTCACCATCAAAAAGACTTGTTCCTGCAAAGCCTTCTGCCAAGTTCAAATAAACTTTCATATTCTTTGTAGCTATTTCTTTTACATTCTTTGATTTGATTAAAGAAATTTTAGTCTTTCTTTGATGCTCTTTAGAATACTTTGCAAGCAATAAATCAATAAAATTTATTGAATAACCTCTTATTGAAGAAATATTGCTATTTATACTCTTTAATTCTTTATTTAAAATTTTAATATCCTTAGAATTCTTATCAATATCAAAAAGACTTATTTTTCTAATTGGAATTTTAAGCAAATTTTCAACATCTTCTTTTAAAACTTCCCTTGAAAAAGATTCTTTGTGCCTTAAAACCTCTGACAATATTATACTTAGAATATTTTCTTCTTTAGAAATTGTTTCAAGAAGTTTATAAATCTTTTTTTCAATAAAAATTTGCTCGAGTGTTTTATAAAATATTTTTTCAAGAATCTTGCTTTTTTGTAATTCAAGTTCCATTTTTAAAATTTTTTGAAGATGGGCTGCATGAAACTTGATAAGATCTTTAATAGTATAAACAACAGGATATCTCTCGCTAAGCAATAATAAATTAACAGAAATTGATATCTGACAATTTGTATAATGATACAACTTTTCAATCACTTCGCTTGCATAAACACCCCTAGGCAAAGATAGCTCTATGGCCACATTTTCAGCAGTAAAGTCATTAATGCTTGAAACTTTAATATAATTTTTTCTAATTGCTTTCTCAATCGAAGATATTAAGCTCTCAGTAGTCTCACCAAAGGGTAATTCCCTTATTACAATTGTTTTTTCATCTATGGTTTCAATCTTAGCTCTAACTAAAACTTTACCGTTACCATCAGCGTATTCGTTAACATCAACTATTCCTCCCGTTGGAAAATCAGGATAAATATCATAACTCTCTCCAAGAAGCTCGCTCTTTACTGCATTTAAAATCTCATTAAAATTGTGAGGCAATATTTTAGCTGCCATTCCAACAGCAATTCCCTCACTTCCTTGAATTAAAATAACAGGAATTTTGGCAGGATAAAGCAAAGGTTCATTATTTCTTCCATCATAAGAAGATTCATAAATTGTTATCTCTTTGCTGTAAAGAACATCAAAGGCTAAGGGAGTTAGCCTACATTCAATATATCTAGAAGCAGAAGCAGGATCACCTGTGAATAAATTGCCAAAATTGCCCTGCTTTTCAATAAATAGATCCTTATTGGCAATATTAACAAGAGCCTCATAAATTGACGTATCGCCGTGGGGATGATATTTCATTGTATTACCAACAACATTTGCAACTTTATGAAAGTTGCCATCATGCATTTCAAAAAGAGAATGTATAATTCTCCTTTGAACTGGTTTAAACCCATCAACAACACTAGCAATAGCACGATCTTTAATAACATAAGATGAATATTGCAAAAAATTATCTTTAAGTACAGTTCTAATATCCATTAAATCAAATTCTCCATAATAAAATTCCGCCTCTCAGGAGTATTTTGCCCCATATAAAAACCCAATTTCTCTTTTATTTCTTTAATATTAAAAAGGTCCACCTTTGTAAGCTTAATGCTATTAATATCAATAAAGCCTTTAAATTCATTTGGAGAAATTTCACCAAGGCCTTTAAACCTTGTTACTTCACATCCCCCCTTAAGCTCAAGAATGGCTTTTTGCTTTTCTTCCTCAGAATAACAATAGGTCGTGATTTTTTTGTTCCTAACCCTAAAAAGAGGAGTTTCTAAAATATACATATGCCCATTTAAAATTAAATCCTCAAAAAAAGTTAAGAAAAAAGTTAACAATAAATTTCTAATATGAAATCCATCAAAATCTGCATCGGTTGCTATTACAACCTTATTGTACCTTAAATTTTCAATTGATTCTTCAATGCCAAGAGCTACCATCATATTATAAAGTTCTTCATTTTTGTATATTTCAGATTTATTCTTTTCAAACATATTTTGAGGTTTTCCTCTAAGAGAAAATATAGCCTGAGTATAAACATCTCTACAAGATACCATTGAACCTGTTGCAGAATCCCCCTCTGTTAAGAAGATCATAGTTTGTTCTGACTGCTTGCTGCTGTCATTAAAATGAAATTTGCAATCCTTAAGCTTAGGGATTTTAAAAGATATTTTTTTTGCTCTCTCTCTTGCTTCTTTTCTTACGCTACTTAATTCTTTTCTGAGTCGTTCATTGTCAACTACTTTTTTCTCAATCAATTTTGCAAGTATTTTATCTTTATATAAAATTTCAGAAATTATCTTCTGCACTTCCTTTGCAACATTGCCTCTAGTTTCAATATTTCCAAGCTTATTCTTAGTTTGACTTTCAAATATTGGATCTTTAATTTTAACAGAAAGAGTTGCAACAAGCCCTTCCCTAATATCCGTAGAGGAATATGTTTTTTTAAGAAAATCGTTAATAGCTCTTACAAAGCCCTCTCTAAAACCAGTCTGATGGGTACCTCCATCATTAGTATATTGACCATTAACAAATGAAAAATAAGTCTCCCCATAATTATTTGTATGGGAAAAAGCAAATTCTAAAGTTTTACTAGAATAGTAAACAATATCATAAAGCAAATCATCACTTTTAATTTCTGAATTCAAAAAATCTAAAAGACCATTTTTAGATTCAAAAATTTGATCATTATAGTTTATTATAAGTCCCTTATTCAAACAAGCATAATGGAAAAATCTTCTTTTGAGAAAATCTTCACTATAAGAATATTTTCCGAATATTTCTGAATCTGCTAAAAACTCAACATAAGTACCATCTTTATCAGAAGATTTTATTTCTCTAGATTCCAATAATTTTCCCTTAGAAAACAAAGCCTCAAAAGATTTGCCATTTCTTGTTGATCTTACTAAAAATTTTGAACTTAAGGCATTAACTGCCTTAGTTCCAACCCCATTAAGCCCTACAGAAAATTGAAAAACATCGTCATTGTACTTGGCTCCAGTATTAATAACTGAAACACTCTCAATAACTTTTCCAAGAGGAATTCCTCTTCCATAATCCCTAATAGAAATAAGATTATTTTCTTTTTTTATAAAAATTTCATTTCCGTAACCCATAATAAACTCATCAATTGAATTGTCTATTATCTCTTTAATTAAAACATAAATACCATCATCAATATTAGAGCCATCTCCCAAACGTCCAATATACATACCAGATCTTAATCTAATATGTTCAAGAGAAGATAGAGTGATTATTTTACTTTCATCATAATTTTGAGTCTTCATCTAAATCCTTGCTTTATAAATTAAATTTTAATAGTTTCAAGCTTTTTAACTATTTGATCTCTAATAATACTAGTGAGATTCTCTTTTTCATACTCACTTAATTTTAAAACATCTATCAAAGGATGGACATGAATATAAACAGACAGTCCAGAATTAAAAATAATATTTTTAATAAAAAAGTTATTAGTATTATAAAGAGTAACAGGAAGAATTGATGTTCCTGTTTTTAATGCCATCTTAATTGAACCTTTTTTAAAAACTCTAGTATCCCCCCCTCTATTTCTAGTTCCTTCGGGGAAAATTCCAATAGATCTACCTTCTCTCATAACCTTTATTGCCTTAACCTCAGCAGCAGCAGCAGATCTTATGCTCCTTCTATTAACAAAAATAACACCCATAACAATCAAAACAATATTCACAAAAGGAATCCTAAGCAACGAATGTTTTGCCAATATTACAAATGGGCAGGCAAAAGTATAAATAAAAATTAAAGGATCCATAGCCGCAATATGATTTCCCATTATTATTACATTGCTTTTTTTAGGAATATTTTCAGAACCCGTAACAATAATTTTAATTCCAGCAAGCCATAAGCTAATTTTAATGCAAGCTCGCATCATAATGAAACTAAGCCTAACAACATAACGTTCAATTAAAAAAATTTTACAAACCAGGTAAAAAGGAAATAAAAAAAAAATTAAAATCAAAAAAAACAATAAAACATTAAAATAAGTTATAATACTTCTCAATATTTTCATAAAAACTATTATCATATTTTTTCTATTCGCTCAAGCTTTAATTTTTGCCCTTTAACTAAGCTTACATCATCTTTTAAAATTTTAATAGGATTTAAAATGATTGTAGAAAATTTTTGCTTTTGAACAATTCTTTCGCTATGCTCAAGGAAAAAAGATTCAACAAGCTTGTAACTACCCATGTCAATCTCATATTCAAGAACAAAATTATTTTTTAAAGGAAAAATATTAAAAATGCCATAATAAATTTTATTCTCATCAATATAAGTTAAATGGGGGTAAGAAAAATCATAAATTTTATCCTTATACACGTAATTTCCACTAGGAATAAAATAAATATCACTACTCCCTTTTTTAACATTTAAGACATTCTCATCAAACCTCTTAAATGTACCCGAAAATCCACTATTATCATAAGAATTTGTGCTAGTGTCAATTTTGATTTCAATGTTTTCTTTATCTACAATTTTGATCCAAAAGTTATAAACTATCAAATCTGAAAAAAGAGACTTTGCACTAACATTAAGAGTATTGTAAGCAGGTTTTGAAATATATTCAATCTTTGCAACTTCTTGAGAATTTTTCCTGAAAAGATTAATCTCGCTTGATTGCCTTTCAAAAGACAAGAATAAAACTTCATCAATATCTTTGACATGCATTTTATTATAGTCATGAACATCATACCAAACTCCATGCAAAAATTTATAAACTTCATCTTTGCTTAAATTCTTTAAAGTTTTATAAATATTATTATCAATTTTACCAACTTTTTCGCTCACAGAAGAAAGACAATATCTACCCTGAACATTAGAATATTCATATTTTTCAATCTTGCTAATTATTAAATCTTCCCCCACTTTTTCATATTTTTCTAAAGAAATAGGATAGCTTTCTCTTGATCTGTTTTCTTCATAAGCTGAAGATCTTGCATACTTATTAATAAGAACAGTTCCATTAACTTTGTCAAAAAATATAGGCCTATAAGAAGACACATCATTTAAAACAGATTTTTGAAAAACATACAAAACAGATTTATCTTTTAAAAATCCTTGAATAACTATATTAAAATCATAATCACCTGTAATATCTTCAAGATACATGTTATAAGAATTTTTTGGATCAATATCTATTTGAGTTTTAAAAAGAATCGTTCCAGCTTTAATTTTAGGATCAAAACCAATAATAAACAAATATGCATTAAGATTTGAAAAATTTTGAGCTAAAACCACCTGCTCAAAATACACATCTAAATTTAAATTTTCCTGCTGAACTGAAAGAATTTTATAACCTTTTAAATCTATAATATCTCCAAAAAAATCTTCCATTTTATTAACTTCTAAAACATTGGAATTTGGATTATCGATCCTGGAAGAAGTCTTTACATCTTTGTTAAAAACAATAAAATCTTTGCTTACCTTGGAACAAGCAAGTAATGTAAAAAAAAAGAATAAAAACAAAAATTTATAAAATGGGATTAATTCTTTATCCTTACTCAGAAGAGCAATCGCACTAACAACCAAAACCTTTGTCATAACATTTATTTCTTAATTTTGACTAAAGTTTTGCAAAGCAAAAAACGACTCATTAAAATTATTAACAAAATCTTTTTTATTCAGTAAAAAATCTGTAATCAAACCACTATTTGCAATGTTAAAATTGTCAAGAATTTTTTCATTTTTGATCTCGTCTTTGAGCTGATTAGATCTTTTTTTAACTGAATTGAGAAAAAATAAATAAACTTTTTTATTTGCCACAAAAGGCTTAGACCAAGAATTTTCCTTTAACCCAAAAATAATATCATAAAAAGACTTGCTATTATTAAACTCAACCAACTCCTTTAAAGTATTGGGGTAAACATTAATATTATAAGACAAATTAACAATTTCTTCTTTTAAGCTAAGCTGATATTTTTCAAGAACTTGGCTTAAACTGCTAAATTTAACATCACCAAGAAAATCAGATAGCTTATTTTCCAAATAACCTTCAATAACACTTGGTTCATAAGTTTCAATGTAATTTTTAACAGAACTAATATCACGATCTGAATTTTTATCAAAATCATGAACATTACTAAATGCCTTATATATTTGATATTCATTTTTATTTTTAATCTTAATAGGCTTACTAAATTCACCTTCTCTTAAAGAAAAAATGGAATTTAGATCTTCTTTCTTTTCAACATTAAGATCTAAATCAAAATAATACTTATCCAAAGAAACAACTCCCTTGAAATTGGCTATATCATCTGAATAAAGCTTAGCAAGCTCCTCGAATGGAGTTTTGTTTAATAGCTTATCATGAGCAGTCCGAGCATCATTCATATTTTTAAAACGAATAGATGCAAGCGATAAACGTTTGAATAAATTTAAATTCTTCTCAGCATAAGATATTACCTCTTTATTAGAAAAATCTTGATAGGAAAGAGAAAGATATGAAATATGCCTTTCCACAGTACTCATATTTTTAATCATATCAAAAAGAGAGTCGGGAAATATCAAATTACTATTTAAAAAAATTTTAACATTAGAAAACAATATATTTTCTACCATATCATCATAAATTTTAACTTTTTGATAATCAGAAGCTTTATTATATCTTTTAGAACTGAAATTTCCACTAGAGTCTAAATATTCTGGAGATTTAAGTAAATTTTTATTCAACATTTCTTTAGAAATATAAAAATTATATTTTTTTACTAGGTCCAAAAAAGCAACATCCTCAACATATTTCATAAATGCCAAATACCAGGCATTATAATCTGTATTAATATTTTTAGCATTACCCTGCAATCTAGAATAAAGATTTGAATAATAATTAACATACTTGGCAAACTTACTATCTTTTTTATAGTAAATAGGTTGACCTTTATAAGAACCAAATTTTAAACCAGATGAATGAGCATTATCAAATATCCCTGGAAGTAAAGGTGCAATAATAAATCCGAAAACAATCAAAATAAGAGCAAAAATACCCCACATACCAACTTTTTTTTCTTTAGATTCAAGCACAACTAAATCATTTTTGACTTTTCTACTTCTTTTTCGCATAAAACAACCTTTAATAAGTAAGCATACTAATAATTTAACTACTAAATTATCACAATTGAAAAATTATTGCAATTGAAATATCTAACTTAAGCTATACGCTTAAGTATTATAGAACTAAAAAAATTTTACATTTCTAGTATGAAAACGAATCGCTATGGATAAAAAAGGAGAATGAGATCAAAAGTAT
Borrelia burgdorferi B31;cheR;Bacteria;Spirochaetes;cheR;39825;31480;AAGCTCTTTTAATTACAATTGAGCAATTGCAATACAGAATTGCAATCACCCATTTTTGTAATAAATAAAATTAATAGCTTTTTTTGAAAGACAGTTCAAACCCAAGAGCACTGGATTGGCCCATTGCAACATCAAAACTAGGTTCAAATCCTCCTAAAGCTACATTAAGGCTATTTTTTAGCTTCCTATTATAACTATTAGCAAATGTAAATGGAAGAATAATTTCTGTTAATCTTGTCACAGCCATAGTAACCACACCTGCTAACATAACTCCCTTACCCCAAGTCCATTGAAAAGCAGCTTTTTTAGTAATACCATCAAGCGCTTTGATATCCAAATAAGCCCCCGCAAGTATAAGCCCTATACCAACCGCATCAAATCCAAGAATAAGAGAACCTCCAAGAATATCTCCTTGAGCAAAGGAGCCTATTCCAAACCCTAAAAAAAGGTTCAATAAAAATGGTACAATAGGATCTTGCTTGCTAGTTTCATAAACCAAAAGTTTTTCTCCAGCACTCATCCCAAACGCACCATTTTTAGAATCATTAGCTTGAGCAAAGCTAGAAAAAACACAAAAGGTTGCCAAAACAAAAATTAAAAGTTTATTCATAAAAACCCCTTTATTAAAACTGGTACTATGGTAGCATATTAATGAAATTTAAAAAAGGTTTTTAAAGTTATTTAAATTTAACTTTTTTCAAATTATTGCTTGAAATTCGCTTCCCAATAGAGCTTCTTGATTTGACCATAAAATTATCAATTTCAATTCTTTTAACAATGTCTTTATTTGTAGAAAATTCTACAAATTCTGGATTCAATGAAAAATCGACAAATTCATCATTTTCTCCCAAGAATTCATAAACCTTATCTGTAATAAATTTATCTATTTTAAACCTTTTAACATAATAAAAATTGTCAAGCCTGTTAAAATAAATTATTGAAAATATTTGCTCTTTTGAATTATTTATATCATAAACTAAAGCACATACATTCTTTTTATCTATAAATGTCTTGTCTTCAATATTTTTAAGAACATAACTATTTTCTCTAAAAACTAATATTTTATCATAATAACTAGCATTTCCAATAAATTCACCATCAAAAAGACTTGTTCCTGCAAAGCCTTCTGCCAAGTTCAAATAAACTTTCATATTCTTTGTAGCTATTTCTTTTACATTCTTTGATTTGATTAAAGAAATTTTAGTCTTTCTTTGATGCTCTTTAGAATACTTTGCAAGCAATAAATCAATAAAATTTATTGAATAACCTCTTATTGAAGAAATATTGCTATTTATACTCTTTAATTCTTTATTTAAAATTTTAATATCCTTAGAATTCTTATCAATATCAAAAAGACTTATTTTTCTAATTGGAATTTTAAGCAAATTTTCAACATCTTCTTTTAAAACTTCCCTTGAAAAAGATTCTTTGTGCCTTAAAACCTCTGACAATATTATACTTAGAATATTTTCTTCTTTAGAAATTGTTTCAAGAAGTTTATAAATCTTTTTTTCAATAAAAATTTGCTCGAGTGTTTTATAAAATATTTTTTCAAGAATCTTGCTTTTTTGTAATTCAAGTTCCATTTTTAAAATTTTTTGAAGATGGGCTGCATGAAACTTGATAAGATCTTTAATAGTATAAACAACAGGATATCTCTCGCTAAGCAATAATAAATTAACAGAAATTGATATCTGACAATTTGTATAATGATACAACTTTTCAATCACTTCGCTTGCATAAACACCCCTAGGCAAAGATAGCTCTATGGCCACATTTTCAGCAGTAAAGTCATTAATGCTTGAAACTTTAATATAATTTTTTCTAATTGCTTTCTCAATCGAAGATATTAAGCTCTCAGTAGTCTCACCAAAGGGTAATTCCCTTATTACAATTGTTTTTTCATCTATGGTTTCAATCTTAGCTCTAACTAAAACTTTACCGTTACCATCAGCGTATTCGTTAACATCAACTATTCCTCCCGTTGGAAAATCAGGATAAATATCATAACTCTCTCCAAGAAGCTCGCTCTTTACTGCATTTAAAATCTCATTAAAATTGTGAGGCAATATTTTAGCTGCCATTCCAACAGCAATTCCCTCACTTCCTTGAATTAAAATAACAGGAATTTTGGCAGGATAAAGCAAAGGTTCATTATTTCTTCCATCATAAGAAGATTCATAAATTGTTATCTCTTTGCTGTAAAGAACATCAAAGGCTAAGGGAGTTAGCCTACATTCAATATATCTAGAAGCAGAAGCAGGATCACCTGTGAATAAATTGCCAAAATTGCCCTGCTTTTCAATAAATAGATCCTTATTGGCAATATTAACAAGAGCCTCATAAATTGACGTATCGCCGTGGGGATGATATTTCATTGTATTACCAACAACATTTGCAACTTTATGAAAGTTGCCATCATGCATTTCAAAAAGAGAATGTATAATTCTCCTTTGAACTGGTTTAAACCCATCAACAACACTAGCAATAGCACGATCTTTAATAACATAAGATGAATATTGCAAAAAATTATCTTTAAGTACAGTTCTAATATCCATTAAATCAAATTCTCCATAATAAAATTCCGCCTCTCAGGAGTATTTTGCCCCATATAAAAACCCAATTTCTCTTTTATTTCTTTAATATTAAAAAGGTCCACCTTTGTAAGCTTAATGCTATTAATATCAATAAAGCCTTTAAATTCATTTGGAGAAATTTCACCAAGGCCTTTAAACCTTGTTACTTCACATCCCCCCTTAAGCTCAAGAATGGCTTTTTGCTTTTCTTCCTCAGAATAACAATAGGTCGTGATTTTTTTGTTCCTAACCCTAAAAAGAGGAGTTTCTAAAATATACATATGCCCATTTAAAATTAAATCCTCAAAAAAAGTTAAGAAAAAAGTTAACAATAAATTTCTAATATGAAATCCATCAAAATCTGCATCGGTTGCTATTACAACCTTATTGTACCTTAAATTTTCAATTGATTCTTCAATGCCAAGAGCTACCATCATATTATAAAGTTCTTCATTTTTGTATATTTCAGATTTATTCTTTTCAAACATATTTTGAGGTTTTCCTCTAAGAGAAAATATAGCCTGAGTATAAACATCTCTACAAGATACCATTGAACCTGTTGCAGAATCCCCCTCTGTTAAGAAGATCATAGTTTGTTCTGACTGCTTGCTGCTGTCATTAAAATGAAATTTGCAATCCTTAAGCTTAGGGATTTTAAAAGATATTTTTTTTGCTCTCTCTCTTGCTTCTTTTCTTACGCTACTTAATTCTTTTCTGAGTCGTTCATTGTCAACTACTTTTTTCTCAATCAATTTTGCAAGTATTTTATCTTTATATAAAATTTCAGAAATTATCTTCTGCACTTCCTTTGCAACATTGCCTCTAGTTTCAATATTTCCAAGCTTATTCTTAGTTTGACTTTCAAATATTGGATCTTTAATTTTAACAGAAAGAGTTGCAACAAGCCCTTCCCTAATATCCGTAGAGGAATATGTTTTTTTAAGAAAATCGTTAATAGCTCTTACAAAGCCCTCTCTAAAACCAGTCTGATGGGTACCTCCATCATTAGTATATTGACCATTAACAAATGAAAAATAAGTCTCCCCATAATTATTTGTATGGGAAAAAGCAAATTCTAAAGTTTTACTAGAATAGTAAACAATATCATAAAGCAAATCATCACTTTTAATTTCTGAATTCAAAAAATCTAAAAGACCATTTTTAGATTCAAAAATTTGATCATTATAGTTTATTATAAGTCCCTTATTCAAACAAGCATAATGGAAAAATCTTCTTTTGAGAAAATCTTCACTATAAGAATATTTTCCGAATATTTCTGAATCTGCTAAAAACTCAACATAAGTACCATCTTTATCAGAAGATTTTATTTCTCTAGATTCCAATAATTTTCCCTTAGAAAACAAAGCCTCAAAAGATTTGCCATTTCTTGTTGATCTTACTAAAAATTTTGAACTTAAGGCATTAACTGCCTTAGTTCCAACCCCATTAAGCCCTACAGAAAATTGAAAAACATCGTCATTGTACTTGGCTCCAGTATTAATAACTGAAACACTCTCAATAACTTTTCCAAGAGGAATTCCTCTTCCATAATCCCTAATAGAAATAAGATTATTTTCTTTTTTTATAAAAATTTCATTTCCGTAACCCATAATAAACTCATCAATTGAATTGTCTATTATCTCTTTAATTAAAACATAAATACCATCATCAATATTAGAGCCATCTCCCAAACGTCCAATATACATACCAGATCTTAATCTAATATGTTCAAGAGAAGATAGAGTGATTATTTTACTTTCATCATAATTTTGAGTCTTCATCTAAATCCTTGCTTTATAAATTAAATTTTAATAGTTTCAAGCTTTTTAACTATTTGATCTCTAATAATACTAGTGAGATTCTCTTTTTCATACTCACTTAATTTTAAAACATCTATCAAAGGATGGACATGAATATAAACAGACAGTCCAGAATTAAAAATAATATTTTTAATAAAAAAGTTATTAGTATTATAAAGAGTAACAGGAAGAATTGATGTTCCTGTTTTTAATGCCATCTTAATTGAACCTTTTTTAAAAACTCTAGTATCCCCCCCTCTATTTCTAGTTCCTTCGGGGAAAATTCCAATAGATCTACCTTCTCTCATAACCTTTATTGCCTTAACCTCAGCAGCAGCAGCAGATCTTATGCTCCTTCTATTAACAAAAATAACACCCATAACAATCAAAACAATATTCACAAAAGGAATCCTAAGCAACGAATGTTTTGCCAATATTACAAATGGGCAGGCAAAAGTATAAATAAAAATTAAAGGATCCATAGCCGCAATATGATTTCCCATTATTATTACATTGCTTTTTTTAGGAATATTTTCAGAACCCGTAACAATAATTTTAATTCCAGCAAGCCATAAGCTAATTTTAATGCAAGCTCGCATCATAATGAAACTAAGCCTAACAACATAACGTTCAATTAAAAAAATTTTACAAACCAGGTAAAAAGGAAATAAAAAAAAAATTAAAATCAAAAAAAACAATAAAACATTAAAATAAGTTATAATACTTCTCAATATTTTCATAAAAACTATTATCATATTTTTTCTATTCGCTCAAGCTTTAATTTTTGCCCTTTAACTAAGCTTACATCATCTTTTAAAATTTTAATAGGATTTAAAATGATTGTAGAAAATTTTTGCTTTTGAACAATTCTTTCGCTATGCTCAAGGAAAAAAGATTCAACAAGCTTGTAACTACCCATGTCAATCTCATATTCAAGAACAAAATTATTTTTTAAAGGAAAAATATTAAAAATGCCATAATAAATTTTATTCTCATCAATATAAGTTAAATGGGGGTAAGAAAAATCATAAATTTTATCCTTATACACGTAATTTCCACTAGGAATAAAATAAATATCACTACTCCCTTTTTTAACATTTAAGACATTCTCATCAAACCTCTTAAATGTACCCGAAAATCCACTATTATCATAAGAATTTGTGCTAGTGTCAATTTTGATTTCAATGTTTTCTTTATCTACAATTTTGATCCAAAAGTTATAAACTATCAAATCTGAAAAAAGAGACTTTGCACTAACATTAAGAGTATTGTAAGCAGGTTTTGAAATATATTCAATCTTTGCAACTTCTTGAGAATTTTTCCTGAAAAGATTAATCTCGCTTGATTGCCTTTCAAAAGACAAGAATAAAACTTCATCAATATCTTTGACATGCATTTTATTATAGTCATGAACATCATACCAAACTCCATGCAAAAATTTATAAACTTCATCTTTGCTTAAATTCTTTAAAGTTTTATAAATATTATTATCAATTTTACCAACTTTTTCGCTCACAGAAGAAAGACAATATCTACCCTGAACATTAGAATATTCATATTTTTCAATCTTGCTAATTATTAAATCTTCCCCCACTTTTTCATATTTTTCTAAAGAAATAGGATAGCTTTCTCTTGATCTGTTTTCTTCATAAGCTGAAGATCTTGCATACTTATTAATAAGAACAGTTCCATTAACTTTGTCAAAAAATATAGGCCTATAAGAAGACACATCATTTAAAACAGATTTTTGAAAAACATACAAAACAGATTTATCTTTTAAAAATCCTTGAATAACTATATTAAAATCATAATCACCTGTAATATCTTCAAGATACATGTTATAAGAATTTTTTGGATCAATATCTATTTGAGTTTTAAAAAGAATCGTTCCAGCTTTAATTTTAGGATCAAAACCAATAATAAACAAATATGCATTAAGATTTGAAAAATTTTGAGCTAAAACCACCTGCTCAAAATACACATCTAAATTTAAATTTTCCTGCTGAACTGAAAGAATTTTATAACCTTTTAAATCTATAATATCTCCAAAAAAATCTTCCATTTTATTAACTTCTAAAACATTGGAATTTGGATTATCGATCCTGGAAGAAGTCTTTACATCTTTGTTAAAAACAATAAAATCTTTGCTTACCTTGGAACAAGCAAGTAATGTAAAAAAAAAGAATAAAAACAAAAATTTATAAAATGGGATTAATTCTTTATCCTTACTCAGAAGAGCAATCGCACTAACAACCAAAACCTTTGTCATAACATTTATTTCTTAATTTTGACTAAAGTTTTGCAAAGCAAAAAACGACTCATTAAAATTATTAACAAAATCTTTTTTATTCAGTAAAAAATCTGTAATCAAACCACTATTTGCAATGTTAAAATTGTCAAGAATTTTTTCATTTTTGATCTCGTCTTTGAGCTGATTAGATCTTTTTTTAACTGAATTGAGAAAAAATAAATAAACTTTTTTATTTGCCACAAAAGGCTTAGACCAAGAATTTTCCTTTAACCCAAAAATAATATCATAAAAAGACTTGCTATTATTAAACTCAACCAACTCCTTTAAAGTATTGGGGTAAACATTAATATTATAAGACAAATTAACAATTTCTTCTTTTAAGCTAAGCTGATATTTTTCAAGAACTTGGCTTAAACTGCTAAATTTAACATCACCAAGAAAATCAGATAGCTTATTTTCCAAATAACCTTCAATAACACTTGGTTCATAAGTTTCAATGTAATTTTTAACAGAACTAATATCACGATCTGAATTTTTATCAAAATCATGAACATTACTAAATGCCTTATATATTTGATATTCATTTTTATTTTTAATCTTAATAGGCTTACTAAATTCACCTTCTCTTAAAGAAAAAATGGAATTTAGATCTTCTTTCTTTTCAACATTAAGATCTAAATCAAAATAATACTTATCCAAAGAAACAACTCCCTTGAAATTGGCTATATCATCTGAATAAAGCTTAGCAAGCTCCTCGAATGGAGTTTTGTTTAATAGCTTATCATGAGCAGTCCGAGCATCATTCATATTTTTAAAACGAATAGATGCAAGCGATAAACGTTTGAATAAATTTAAATTCTTCTCAGCATAAGATATTACCTCTTTATTAGAAAAATCTTGATAGGAAAGAGAAAGATATGAAATATGCCTTTCCACAGTACTCATATTTTTAATCATATCAAAAAGAGAGTCGGGAAATATCAAATTACTATTTAAAAAAATTTTAACATTAGAAAACAATATATTTTCTACCATATCATCATAAATTTTAACTTTTTGATAATCAGAAGCTTTATTATATCTTTTAGAACTGAAATTTCCACTAGAGTCTAAATATTCTGGAGATTTAAGTAAATTTTTATTCAACATTTCTTTAGAAATATAAAAATTATATTTTTTTACTAGGTCCAAAAAAGCAACATCCTCAACATATTTCATAAATGCCAAATACCAGGCATTATAATCTGTATTAATATTTTTAGCATTACCCTGCAATCTAGAATAAAGATTTGAATAATAATTAACATACTTGGCAAACTTACTATCTTTTTTATAGTAAATAGGTTGACCTTTATAAGAACCAAATTTTAAACCAGATGAATGAGCATTATCAAATATCCCTGGAAGTAAAGGTGCAATAATAAATCCGAAAACAATCAAAATAAGAGCAAAAATACCCCACATACCAACTTTTTTTTCTTTAGATTCAAGCACAACTAAATCATTTTTGACTTTTCTACTTCTTTTTCGCATAAAACAACCTTTAATAAGTAAGCATACTAATAATTTAACTACTAAATTATCACAATTGAAAAATTATTGCAATTGAAATATCTAACTTAAGCTATACGCTTAAGTATTATAGAACTAAAAAAATTTTACATTTCTAGTATGAAAACGAATCGCTATGGATAAAAAAGGAGAATGAGATCAAAAGTAT
Borrelia burgdorferi B31;rnhB;Bacteria;Spirochaetes;03030 DNA replication;45445;40678;TGCTTATGCGCATCAATTCTTTTTATAATAAATTTTCTATTATGCAAAATTTATTTAGCTTAAAAGGTCTAAAAATAATACTGCTAAGTTAAGTTTACTTTTTCACCTATTCTAATAAAATAGAGCAATTCACCAATTGTTGCTACATGATCGCCTACTCTTTCTAAAAAACTATTCAAAAATAATATATTTAAAAGATAATCCAAATTTTCAGGATTTTTTTTCATTGCATCAATAACAATACTTTTCTGCTTTGAAAATAATTTATCTATTATATTGTCATACTTAACTATCTTTAATATTTTGGTAAAATCTCCATCAAAATATGCGTCAAAAATATCAGACAACATTTCTTTAGCTGTATCGGCCATTTCTCTTAAAGGTTTAAAATATAAATTAAGAAAATCAAAATCATCCAAATCTGATTCAAGTAGAAGAACAACCTTTACAATCTTAGTAGCATGATCTGCAATCCTTTCAAGAGAGCTTATTATTTTAATAATTGCTAAAATTTCTCTAAGCTCTGTAGCAACAGGATGCTCAGTTGCAATTATTCTTCCGCACAAATCTTCAATATCGTACTGATAATCATCTATTATTTTTTCATCTTCATTGATTATTTTTTTGGCTAAATTTTTATCTTTAGATTCTAAGGCTATTAAAGAATCATCGATAATCTTAAGCACACATTCTTTCATATCCCAAAGATAATCTTTTATTATTTCAAGTTGTTTAGTAAGCTTTCTCCTTATCATATCATGTCTCCTAAAAAAACCGCTTTAAAAATAAATATCTTATCTTGGCTCTCTCATAATAATAACTAAAAGGGTAATTATCAATAACCAATTTATAGTAATGCAAAGCCTTTAAAAAATCTTTATGCTTGCTCTCAGACTCATAAAGTTTTCCCAACAAATAACTATATTTGTCTGAAAAGCTTGAATTAATATACTTAGGAAAGTAAAGAGAGCTAAAATTTAAAGCAAACTCATGCTCTCCCCTTGTTACTAAGAATTCAAAGATCTCAAGATAAATGCTCTCAGAAAAATCAACATTCTTTTCAACTAAATATCTAGCGTTCTCTAAAACCTCTTCTTTAATATTTAATTCTATAGCAAGCCTAATTAGATCAAAAACAATGCTTTGAAAATATTTACTCTTCAATTTCAAATAATTTTCATAAGATTTTAAATAATCACCATTTTTATAATGAATTTCCGCCTTCAATAAAATATATTTATCGTCATTGAAATTATACTTATTAAGCAAATCTATTGCTCCTTTGTAATCATTTATGTAGGACAAATTTAAAGCCCTAACAATAATCTCTTTAGAAGTTGCCCCGCTAATACTCCCCCCCCCAAGTTCAAGATTATTACCAGTTTCAATGTTATTGTCCCTGCTAGAGCCACCACCAACGCCTTGTGGAATTGCAACTTCAAAATTCTTTGTAATTTTCAAGATAATTATTTTATTAAATTCACTTGAATCTTTAACATTTTGATAAGTGAAAACCAATTTAATTTTGCCTTCTTTTTTAAAAGTCTGAAAAGTAAAAACAGCACCGTTATCATAAGATTCTCCAATTAACTTAATAAAAGCTTCATTTTCAATGCTTTTGATATAAATCCAAGACTCATCTTTAAAAGAAAGATTAAATTTTGAATTGGTATTTACACTAATATCTACCTCTCCACTACTAAAATCAAGCTCATACGAATCGTCTTGACTTATAAAAGCTGGCTTAGAGTAAACTTCAAAAACAATAAATAGCAAACTTATATAAATCAAATATTTTCTAATCATTTGGAAATTTCTAAAATCTTATCTATTAATTTTTCATTCTCCTTCTCAATATCAACGTTAAATAAATTTTCCTTTTTAATCCAAAGATCCTTGAAAAAATTCTCATCAAGAAATTTATTTTTAATCAATCCATCAACAACTAAATTCTTATTTAAATTTTCATTTAAAAAATCAGGTCTTGGAATAAAAAAATCATCCATATTTAGACATTCATTTAAATCAAAATAAAAATCTTCCATATCAACTAATTTAACCTTAGCGTCTAAATTGTCTTCAACACACTTTTGAGATTTTTCCAACATTTGTGTTGAATAGAAATAAGTAATACCAGAAACAATAAAAATCAAAAATACTGAAATTAAAAAATATTTTCTAAAACTAAACTTTCTATCTTGCATGTTAATTTCCTTAAATCTAACTTAATTATATATTAAACACCCTGCTTTCACCATTATCAAGTGTAATACCTATCAAATTTTCACCACCCTCAGAAACATATGCATTATGGGTTATTACTAAGAGTTGGAACTTTTTACCCAATTCTCTTAAAAGTAAAGAAAGTTTTTTGCTATTTTCAAAATCAAGAGCTGCATCTATTTCATCAAGCATGCAAAAACAAGCAGGAGAATAATAATAAAGTGCAAATAAAAAAGCCATACTAACCAAAGTACTCTCGCCCCCTGAAAGCATGTTATTGTTTTTGACAAACTTGTTTGAAAAATTTATTCTAATCTCAACATTATCGGTATTTTCATTATAAAAAAGACTAGCGGTTCCTTTAAAAATTTTTTTAAAAAAGAAAGAAAAATTTTTATTAATCTCATCAAATGATTCTCTAAATTTTTTATAAATCTCATTTTTTATTTTTTTTTGAAGCTTTTGTAATGAATATTTTGAAAGCTTTAAATCTTCTACTTGTAAACTTACTTTTTCAAAACGCTCCTTAGTTTCATCAAACTCTTTATCAATATTGAAAAATACATAATCACCCAGCTTGATTGCATCTATCTCTTTGCGCAACAACTCTCTGGTTGCAAGATCTTCTTCCAATTCAAATTTATCAGACATTTCATTAGAAACATTGAAATTTTCTATTTCGCTCTTAATGCTTACATTAGAATTTAAAAGAAATTCGTATTCTGTCTGTTTTTTTATATATTCATAATAATTAGTTTTTTTAAAATCATTCAAAAAAACTAAGGAATTAAAATCTTTCTCCTTAAAAGACTCACTACTGAATTTTGAAGCACCAATAAGATTGCTTAAATTAAGCTGAATATCGCTTTTTTCTAAATTTAAATTTTCAAGCTTTAAATATAAGTCTTTAAGCTCTTCATCAAGGCTATTCTTAGATTCAAATAAAAATTCTAAATTACCATCTATAAGTTTAATTTCATCCAAATTTTTAAACTTAGAAAGCTCTATATACTCAAGCTCACCCAATACATCATTTAATTGAAGAGTCTTTTCTTCGATTAATCTCTCGATATTTGTTATCTCTTTAGCAAGATTTGATTTTAAAGCATTTTTTTCAAGCAAAAATTTTTTCAAATTAACATTTTGATCAAAAATAGGTTCAATTTTATCCCTCAATAAAGCCAAAAGATTCTCATCTTTGCTTATATACTTGATTAAATTTACCCTAATCTCTTTAATATATTTTATACTCAATGATTCTTCAAAAAGTTTAAGAGAGTCTAATATATGCTCTTTTAATAAAACAAACTCTTCTGATTTGGCACTCCTTAATACAGACAAAATTAGATCAACAAGTTCAAAAAAACTTTTAGTATACCTATTAATCTCGTCACTTAAAGAAAAAAAATCATTTTTCTTTTCTTTAAGCAAACTATTTAATTGATATAAATTATTATTTATAGAATTCTTTTTCTCTTCAGACTCAGATTTGCTCTTGACAAACTTATCTTCCAAATTCATCTTTAACGTCTTTTCTTGCTCTAATTTTTGAATTTTAATCTCTAGCCCAAGAATTTTAGACTTCATAAGCTCAAGATCTTTTTCTAATTCTTGAATATTATTAATAACATTTTTTTCTCTAAATGAATAAAATTCTAACTTTTCTTTAAAACCAGAAGACAAAAATTTACTCAAACCGTCTAAATTTAATTCGCTCTTCAAGACATTAAGATCAAAATTAATATTGAAAAGCTTTTTTAACGTTATTGTTTTTTCTAAAGCTTCTAATTTTTGACTTAAATCTTGATGTTTTTTTCTCAAAAGGAAAACATTTTTTATGTTATCGTACTTTTGCCTTAAATTTTCTTGCAGAGACAACAAAGATGATAAATTTTGACTAGATTGCTTAAAATTTTTCAAGGCCTCTTCTTCTTCCATTTTTAAAATATCTATTCCGCTTGCTTGTTCAATCAAAGATTTGAGATTTACATTTCTTTCCAAAGAAATGTCCTCAACCCTACCTTGAGTTATAAACATATAAGGCGATTTTTTAAACTTAAAACTGTTCAAAAGTCTATTATAATCTTGAAAATTCAAAATTTTATTATTAAAATAATATTCACTTGAACCATCCTTATAAAGACGCCTGCGAATATAAAAATCTTCATTAAATTCCTTTAAAGTCGATTTTTCAGAGTTAATGTTGCTAAAAAAAAGAGTTATTTCGGCAAAATTTGATTTTCCTGATTTTGAAACAGAAATTAAATCAGAAATATCTTCAACCCTTAAAAATTTTAAATTATCTTCTCCCATACAAAAACGTACAGCATCAATAAGATTGCTCTTCCCACATCCATTAGGCCCCACAATAAAACTTAAATTTTCACCTATTTCAAACTCTTGTCTATTTAGAAAAGATTTAAACCCTAAAAGCACTATTTTTTTTAAAACCAAACTAACTCCCAATTAAAATTAAAAACCAATTACTGATAAATCTACAATTTCATATTATAATAAATAAAAATATTTTAAAAAAAGGTCAATT
Borrelia burgdorferi B31;rnhB;Bacteria;Spirochaetes;rnhB;45445;40678;TGCTTATGCGCATCAATTCTTTTTATAATAAATTTTCTATTATGCAAAATTTATTTAGCTTAAAAGGTCTAAAAATAATACTGCTAAGTTAAGTTTACTTTTTCACCTATTCTAATAAAATAGAGCAATTCACCAATTGTTGCTACATGATCGCCTACTCTTTCTAAAAAACTATTCAAAAATAATATATTTAAAAGATAATCCAAATTTTCAGGATTTTTTTTCATTGCATCAATAACAATACTTTTCTGCTTTGAAAATAATTTATCTATTATATTGTCATACTTAACTATCTTTAATATTTTGGTAAAATCTCCATCAAAATATGCGTCAAAAATATCAGACAACATTTCTTTAGCTGTATCGGCCATTTCTCTTAAAGGTTTAAAATATAAATTAAGAAAATCAAAATCATCCAAATCTGATTCAAGTAGAAGAACAACCTTTACAATCTTAGTAGCATGATCTGCAATCCTTTCAAGAGAGCTTATTATTTTAATAATTGCTAAAATTTCTCTAAGCTCTGTAGCAACAGGATGCTCAGTTGCAATTATTCTTCCGCACAAATCTTCAATATCGTACTGATAATCATCTATTATTTTTTCATCTTCATTGATTATTTTTTTGGCTAAATTTTTATCTTTAGATTCTAAGGCTATTAAAGAATCATCGATAATCTTAAGCACACATTCTTTCATATCCCAAAGATAATCTTTTATTATTTCAAGTTGTTTAGTAAGCTTTCTCCTTATCATATCATGTCTCCTAAAAAAACCGCTTTAAAAATAAATATCTTATCTTGGCTCTCTCATAATAATAACTAAAAGGGTAATTATCAATAACCAATTTATAGTAATGCAAAGCCTTTAAAAAATCTTTATGCTTGCTCTCAGACTCATAAAGTTTTCCCAACAAATAACTATATTTGTCTGAAAAGCTTGAATTAATATACTTAGGAAAGTAAAGAGAGCTAAAATTTAAAGCAAACTCATGCTCTCCCCTTGTTACTAAGAATTCAAAGATCTCAAGATAAATGCTCTCAGAAAAATCAACATTCTTTTCAACTAAATATCTAGCGTTCTCTAAAACCTCTTCTTTAATATTTAATTCTATAGCAAGCCTAATTAGATCAAAAACAATGCTTTGAAAATATTTACTCTTCAATTTCAAATAATTTTCATAAGATTTTAAATAATCACCATTTTTATAATGAATTTCCGCCTTCAATAAAATATATTTATCGTCATTGAAATTATACTTATTAAGCAAATCTATTGCTCCTTTGTAATCATTTATGTAGGACAAATTTAAAGCCCTAACAATAATCTCTTTAGAAGTTGCCCCGCTAATACTCCCCCCCCCAAGTTCAAGATTATTACCAGTTTCAATGTTATTGTCCCTGCTAGAGCCACCACCAACGCCTTGTGGAATTGCAACTTCAAAATTCTTTGTAATTTTCAAGATAATTATTTTATTAAATTCACTTGAATCTTTAACATTTTGATAAGTGAAAACCAATTTAATTTTGCCTTCTTTTTTAAAAGTCTGAAAAGTAAAAACAGCACCGTTATCATAAGATTCTCCAATTAACTTAATAAAAGCTTCATTTTCAATGCTTTTGATATAAATCCAAGACTCATCTTTAAAAGAAAGATTAAATTTTGAATTGGTATTTACACTAATATCTACCTCTCCACTACTAAAATCAAGCTCATACGAATCGTCTTGACTTATAAAAGCTGGCTTAGAGTAAACTTCAAAAACAATAAATAGCAAACTTATATAAATCAAATATTTTCTAATCATTTGGAAATTTCTAAAATCTTATCTATTAATTTTTCATTCTCCTTCTCAATATCAACGTTAAATAAATTTTCCTTTTTAATCCAAAGATCCTTGAAAAAATTCTCATCAAGAAATTTATTTTTAATCAATCCATCAACAACTAAATTCTTATTTAAATTTTCATTTAAAAAATCAGGTCTTGGAATAAAAAAATCATCCATATTTAGACATTCATTTAAATCAAAATAAAAATCTTCCATATCAACTAATTTAACCTTAGCGTCTAAATTGTCTTCAACACACTTTTGAGATTTTTCCAACATTTGTGTTGAATAGAAATAAGTAATACCAGAAACAATAAAAATCAAAAATACTGAAATTAAAAAATATTTTCTAAAACTAAACTTTCTATCTTGCATGTTAATTTCCTTAAATCTAACTTAATTATATATTAAACACCCTGCTTTCACCATTATCAAGTGTAATACCTATCAAATTTTCACCACCCTCAGAAACATATGCATTATGGGTTATTACTAAGAGTTGGAACTTTTTACCCAATTCTCTTAAAAGTAAAGAAAGTTTTTTGCTATTTTCAAAATCAAGAGCTGCATCTATTTCATCAAGCATGCAAAAACAAGCAGGAGAATAATAATAAAGTGCAAATAAAAAAGCCATACTAACCAAAGTACTCTCGCCCCCTGAAAGCATGTTATTGTTTTTGACAAACTTGTTTGAAAAATTTATTCTAATCTCAACATTATCGGTATTTTCATTATAAAAAAGACTAGCGGTTCCTTTAAAAATTTTTTTAAAAAAGAAAGAAAAATTTTTATTAATCTCATCAAATGATTCTCTAAATTTTTTATAAATCTCATTTTTTATTTTTTTTTGAAGCTTTTGTAATGAATATTTTGAAAGCTTTAAATCTTCTACTTGTAAACTTACTTTTTCAAAACGCTCCTTAGTTTCATCAAACTCTTTATCAATATTGAAAAATACATAATCACCCAGCTTGATTGCATCTATCTCTTTGCGCAACAACTCTCTGGTTGCAAGATCTTCTTCCAATTCAAATTTATCAGACATTTCATTAGAAACATTGAAATTTTCTATTTCGCTCTTAATGCTTACATTAGAATTTAAAAGAAATTCGTATTCTGTCTGTTTTTTTATATATTCATAATAATTAGTTTTTTTAAAATCATTCAAAAAAACTAAGGAATTAAAATCTTTCTCCTTAAAAGACTCACTACTGAATTTTGAAGCACCAATAAGATTGCTTAAATTAAGCTGAATATCGCTTTTTTCTAAATTTAAATTTTCAAGCTTTAAATATAAGTCTTTAAGCTCTTCATCAAGGCTATTCTTAGATTCAAATAAAAATTCTAAATTACCATCTATAAGTTTAATTTCATCCAAATTTTTAAACTTAGAAAGCTCTATATACTCAAGCTCACCCAATACATCATTTAATTGAAGAGTCTTTTCTTCGATTAATCTCTCGATATTTGTTATCTCTTTAGCAAGATTTGATTTTAAAGCATTTTTTTCAAGCAAAAATTTTTTCAAATTAACATTTTGATCAAAAATAGGTTCAATTTTATCCCTCAATAAAGCCAAAAGATTCTCATCTTTGCTTATATACTTGATTAAATTTACCCTAATCTCTTTAATATATTTTATACTCAATGATTCTTCAAAAAGTTTAAGAGAGTCTAATATATGCTCTTTTAATAAAACAAACTCTTCTGATTTGGCACTCCTTAATACAGACAAAATTAGATCAACAAGTTCAAAAAAACTTTTAGTATACCTATTAATCTCGTCACTTAAAGAAAAAAAATCATTTTTCTTTTCTTTAAGCAAACTATTTAATTGATATAAATTATTATTTATAGAATTCTTTTTCTCTTCAGACTCAGATTTGCTCTTGACAAACTTATCTTCCAAATTCATCTTTAACGTCTTTTCTTGCTCTAATTTTTGAATTTTAATCTCTAGCCCAAGAATTTTAGACTTCATAAGCTCAAGATCTTTTTCTAATTCTTGAATATTATTAATAACATTTTTTTCTCTAAATGAATAAAATTCTAACTTTTCTTTAAAACCAGAAGACAAAAATTTACTCAAACCGTCTAAATTTAATTCGCTCTTCAAGACATTAAGATCAAAATTAATATTGAAAAGCTTTTTTAACGTTATTGTTTTTTCTAAAGCTTCTAATTTTTGACTTAAATCTTGATGTTTTTTTCTCAAAAGGAAAACATTTTTTATGTTATCGTACTTTTGCCTTAAATTTTCTTGCAGAGACAACAAAGATGATAAATTTTGACTAGATTGCTTAAAATTTTTCAAGGCCTCTTCTTCTTCCATTTTTAAAATATCTATTCCGCTTGCTTGTTCAATCAAAGATTTGAGATTTACATTTCTTTCCAAAGAAATGTCCTCAACCCTACCTTGAGTTATAAACATATAAGGCGATTTTTTAAACTTAAAACTGTTCAAAAGTCTATTATAATCTTGAAAATTCAAAATTTTATTATTAAAATAATATTCACTTGAACCATCCTTATAAAGACGCCTGCGAATATAAAAATCTTCATTAAATTCCTTTAAAGTCGATTTTTCAGAGTTAATGTTGCTAAAAAAAAGAGTTATTTCGGCAAAATTTGATTTTCCTGATTTTGAAACAGAAATTAAATCAGAAATATCTTCAACCCTTAAAAATTTTAAATTATCTTCTCCCATACAAAAACGTACAGCATCAATAAGATTGCTCTTCCCACATCCATTAGGCCCCACAATAAAACTTAAATTTTCACCTATTTCAAACTCTTGTCTATTTAGAAAAGATTTAAACCCTAAAAGCACTATTTTTTTTAAAACCAAACTAACTCCCAATTAAAATTAAAAACCAATTACTGATAAATCTACAATTTCATATTATAATAAATAAAAATATTTTAAAAAAAGGTCAATT
Borrelia burgdorferi B31;ung;Bacteria;Spirochaetes;05340 Primary immunodeficiency;49340;48607;GAATTAATAAGATTCTCAATAAATTGATAATTTTTAACAACTTGTCTATAATATTTTAATCTCAAATTTGATTTCTCAGCTTCATTTAGCAAGTAATCAATACTACTTTTTCTTAAGCGCATCAATAAAGAATACATAACTATTGCAACAGCTACAGAAATATTATAACTTTGAGTAAACCCATACATAGGTATTTTTACATATAAATCAGCAGCTCCCAATACCTCTGCACTAAGCCCTGTTAATTCAGTCCCAAAAAATATCGCCATTTTATTGTTAATTGTCAAATTTTCAAGATTTATTGATTTGGGATTCAAAGATGTGGCCACTATACTATATCCATCAGATTTCAACCTATCAATTGCAAACTTAGCATTTTTATACTTATTTAAATTTATCCATTGTGAAGATCCTAAAGTAACATCTGGATTTAAAGTATGCTTATTCTTTTTTTCAATGACATGAACATCACTAAGTCCTAAAATTTCGCCTGTTCTAATAGTAGCACTTGCATTTTGAGACTGAAAAATGTCTTCTAGAACAAATGTTAAATAATTGGTACGAAGATTTAATACTTTCTCAATCCTAGCTTTTTTTTCATCTGTAATAAATTTAGACAAAACACCTATTCTTTTTAATACATCATCATCCATAATAAAAATTAAATTTCAAAAATAACAAATCAGTCCTTTAATATATTTCAAATTGCAAACTATTTCTTATATAATACAAAA
Borrelia burgdorferi B31;ung;Bacteria;Spirochaetes;ung;49340;48607;GAATTAATAAGATTCTCAATAAATTGATAATTTTTAACAACTTGTCTATAATATTTTAATCTCAAATTTGATTTCTCAGCTTCATTTAGCAAGTAATCAATACTACTTTTTCTTAAGCGCATCAATAAAGAATACATAACTATTGCAACAGCTACAGAAATATTATAACTTTGAGTAAACCCATACATAGGTATTTTTACATATAAATCAGCAGCTCCCAATACCTCTGCACTAAGCCCTGTTAATTCAGTCCCAAAAAATATCGCCATTTTATTGTTAATTGTCAAATTTTCAAGATTTATTGATTTGGGATTCAAAGATGTGGCCACTATACTATATCCATCAGATTTCAACCTATCAATTGCAAACTTAGCATTTTTATACTTATTTAAATTTATCCATTGTGAAGATCCTAAAGTAACATCTGGATTTAAAGTATGCTTATTCTTTTTTTCAATGACATGAACATCACTAAGTCCTAAAATTTCGCCTGTTCTAATAGTAGCACTTGCATTTTGAGACTGAAAAATGTCTTCTAGAACAAATGTTAAATAATTGGTACGAAGATTTAATACTTTCTCAATCCTAGCTTTTTTTTCATCTGTAATAAATTTAGACAAAACACCTATTCTTTTTAATACATCATCATCCATAATAAAAATTAAATTTCAAAAATAACAAATCAGTCCTTTAATATATTTCAAATTGCAAACTATTTCTTATATAATACAAAA
Borrelia burgdorferi B31;prfB;Bacteria;Spirochaetes;Roles will be associated as soon as possible;70141;70127;TAGCGAGAAATAAAA
Borrelia burgdorferi B31;prfB;Bacteria;Spirochaetes;prfB;70141;70127;TAGCGAGAAATAAAA
Borrelia burgdorferi B31;ftsY;Bacteria;Spirochaetes;M00335  Sec (secretion) system;72646;72611;ATTTAATAATCTGCAATAAAATAGGAGAACAAACTT
Borrelia burgdorferi B31;ftsY;Bacteria;Spirochaetes;ftsY;72646;72611;ATTTAATAATCTGCAATAAAATAGGAGAACAAACTT
Borrelia burgdorferi B31;asnS;Bacteria;Spirochaetes;00250 Alanine, aspartate and glutamate metabolism;98816;82941;AAACCCCCAAAATATTTGGGGTCTTAATACTAAAATTCCATTTTATCAATATAGCTTTTAAGCTGATTAGCAGAACTATTAAACTTATCAAGCTCTTTAGGGCTTATCTTAAAGTTTAAAACTTCTTTGACTCCTTCCTTACAAACTATAGCAGGCGCTCCAATATAAATATCTTTAATCAATCCCCCATACTGGCCATTAATATAAGAAGATATTGGCAGAATAACATTCTGATCTCCAATTATTGCATTTACAATATTCTTAATACCAAGTCCAATAGCATAATAGGTTGCCCCCTTTAACTTAATAACTTCATAAGCAGCATTCACAACCTTTTTATGAATTTCATCAAGCTCCAACTCAGTTATTTTGCCTTCAGCAAGATATTCTGACAAAGGCTTCATTGCTATTTTTGTTTCATCCCACGTAGCAAAAGAACTGTCACYGTGCTCACCCATAATATATGAATGTATATTTTGAGTGTTCACATTAAAATGATCACTTAAAAAATATCTAAGTCTTGAAGTATCAAGAATAGTCCCAGTACCAATAACCTTATGAATAGGAAATTTGGAATATTTCATTGTAACATAAGTCATAATGTCTACAGGATTGCTTGCAACAACAAAAATACCATCAAAACCGCTAGATACAACATTAGTTATAATATCTTTAAAAATTTTAGAATTTTTATCAACCAAATCAAGTCTTGTCTCACCAGGCTTTTGATTAAGTCCTGCTGTAATTACAACAATATCTGCATTAGCACAATCTTTGTAAGTCCCAAACAATACATTAATATTCTTCTTTAAAAACATTTGGCCATGATTAAGGTCCATGACCTCCCCTTTTGCTTTATTTTCATTAACATCAATAATTACAAGTTCATGTACAAGTGAATTGTCTATTGTTAAAGCATACGCAAAGCTTGAACCAACCCCACCAGCTCCAATAAGAACAACTTTATTAGACTTAAGCATAATTACTCCATTAAATTAAAACTATATACAAAACTAATTTTAAATAAGTAATGATAAAAATATTCTATCGCATTTCTAAGGGCTTTGCCAATCACATACCTTTAAAAATTAAAAACAAATTTAATTATCATTGGATTTTAGAACCGCAAGAAAAGCGCTTTGTGGAATCTCAACATTTCCCACCATCTTCATTCGCTTTTTACCTTCTTTCTGCTTTTCCAAAAGTTTTCTCTTACGAGTAATATCACCACCATAACACTTGGCAGTAACATCTTTTCTAACAGGAGAGATTGTCTCTCGAGCAATAACATTAGAGCCAATAGCACCTTGAATGGCTATTCTAAATTGTTGCCTTGCTATTTCATCTTTCAACTTTTTACAAATCCCAATAGCCTTAGTTCTGGCGCTATCTTTAAAAACCAACTGGGAGAGTGCATCAACTCTATCCCCATTAACTAATATATCTAATCTTACCAAATCTGTATATTCATAATCTAAAAGCTCATAATCAAAAGAAGCATATCCACGGCTCACAGATTTAATTTTATCATAAAAATCAAAAAGGATTTCAGAAAGAGGCATTTTATAAATAAGTTCAACACGCTTAGTATCAAGATAAATTAAGTTCGTCTGAACTCCTCTTTTCAATAAACACACACTCATAATATTGCCCAAAAATTCTGTAGGAACAATAATATTAGCCTTAATATAAGGTTCAAGAACGCTTTCAATAGCTTCATTTCCGGGAAATTGCTCAGGAGTTTCAATAAAATAAGATTCTCCCTTTTTAGGAATTATTTTGTATCTAACAGAAGGAGAAGTCAATATCACGTTTAAATTAAATTCACGCTCAATGCGTTCTTGAATAACTTCTAAATGCAAAAGACCAAGAAATCCACACTTAAAACCATGCCCAAGAGCAGATGATGAATCTTTTTCAAATGTTAACGATGCATCATTAAGTTTTAATCTATCCATTGCCTTTAAAAGATCATCATATTGATTAGCATCAACAGGATAAACTGAAGAGAATACTACAGGCTTAACTTCTTTAAATCCCTCAAGAGGAGATAATGCGGGAAAATCACAAAGTGTTACTGTATCTCCAATTTTCACATCTGATATATTTTTTATTCCTGCAATAAAATATCCAACATCTCCTGCTTCTAAGGTATCTTTTCTTTCAAGTGATATTTTAAAAATTCCGATTTCTTCAATTAAATGCTCGCTATTAGTATGCATTAACCTAATCTTATCGCCCATTTTGATTTGTCCTTCGAAAATCCTAAAGTGAACAACAACTCCTCTATAAGAATCATAATGAGAATCAAAAATTAATGCTCTTAATGGATCCTTAATACTTCCCCTAGGAGATGGCACATACTTACAAATAGCTTCAAGCAAATCATCAATTCCTATTCCATTCTTAGCAGAAATCGAAATAGCAATTTCTTCATTTAATCCTAAATCATTTTTTATTTGCTTTTTTACAAAATCAACATTAGCATTTGGAAGATCTATCTTATTAATAACGGGAATAATTTCTAAATCATGCTCAAAAGCCATATAAAAATTAGAAACTGTTTGAGCTTGTATTCCTTGACTTGCATCAATTAATAAAAGAGCACCCTCACAAGATGAAATTGCCCTTGAGACTTCATAAGAAAAATCAACATGGCCTGGAGTATCTACAAAATTTAACTCATAAAAATCACCATCATTACTTTTATAAGTAATTGTTACTGCCTGACTTTTAATTGTAATTCCTCTTTCTCGCTCAATATCCATACTGTCAAGCATTTGACTTTTAAAATCACGATCAGATATTATTTTAGCTTTTTGAATAAATCGATCAGCTAATGTAGATTTACCATGATCAATGTGTGCAATAATGCAAAAGTTTTTCTTACGAATACTAATACTACTTCCCCCCTGAACTACAAGTCAAAATTTAAAAATTTAATTTTTTTTTAAATATACAGAATTTTTAATTTGACTTCTTGATTTAGCAATATAAGGAGAAAACCTTGGCGCAAGATCTACTACTAATTTCCAAGTATCTATTGCTCTAAATTTATAATTGCCATTAGAATATGCATAAGTAGCAGCAGCAACATTATAAACTATTTCCCAAAAATCTGTAGATTCAAAAGCATTTTTTATTGCCTTATACTTATTAATTTTTTGAACAAAAGACCTTAAATTTTTAAACTGATACACAGGTTCATAATAACAAACATAATCATACATTCTTGTTAAAATTCCTACTGCAGCTATAAGTCCATGAGTAATTGAAAGCTCATAAGCTTTTAAGTGCAAATAAACTTTTGACAATAATTGATGAGTATCAATAACATTGTAGTTTTTAAATCTGTAAAGATTAAAAGTAAAATCAATACCAAAAGCTCCTCTTACTTGTTTTAAATAAGAAGTTAAATAAAATGAAGCATTAAGTTCATTATTTGACATACTGTTTTCGCCTTGAGAATAATCATGATAACTATAATAATCTTTTTTAGTTGAAAACTTATTTAATATGTCATTCAAATAATCAATAGTATCAACATAATTATTCTCAAGTTCAGCCATTTTAGCTAAAGAAAAAAGTATTTTTTTTTCAAAAGATTCATCTAGCAAATAATATCTGTCTTCAAAAGACTTATAAAGGTTTAATTTTTCAAGAATAGCATTGCCAGACATACCATAAGCTACTGACAAATAATAACTAGCCTCAGGATAAACGCCTTTTCTAAGCAAAGCTTCCTGCAAATAATTAATAGCATGTGTAAGATTAGACTTACTAAATTCAGATTTAGAATAAAGAAATTGCCTGCCTTTTTCAAGTAAAATCCAATACGGAAAATTTTTATTACTTGAAGAATACAAAGAAATAGAAAAAGGCAAAGCAAAAAAAAATAAAACCGCACTTCTCATAATAATAAATATATTAAATTAACTCATAAATTACGAGAAAATTTAATATTAAAAGAAATAATAAATCAAAATTAAACAAACTTAAATATCATTAAGAATACCATTACAAAAAGAGCAACGGATTCTATTAATCCTAAAACTAATAGATATGTGGCAAATCCTTTCCCAGTCTCAGAAAATGCATCGCAAGCACCTGCTGCCGCTTTACCTTGAGCAAATCCAGAAACAGCAATAGCAAACCCACCACCAATACCAGCTCCAAGCAACAACCATGGATTTGTCTGCATCATTACCTCATATAATGTGTTCATCAAAATATATCCATATATTATTTGAGTCAATGGTGCTGAAACAAAAACTATCAATAAAAATGGTGCTGGCTTTCCTTGCATATAGCATCTCTTCCATGCTCCAATAGCAGCACTACCTGCCGCCCCCATGCCCAACGCAGAACCTATTGCTGAGATTGTTAAAGCTGAATTAACCCCTATTAAACCTATATCCATAAATACTCCTTTTTATTTATTTTTTCATTTTTTTAAAAGGCCTATAAGCACATCCACTCCATTCTTGCCCCAAATGGTTTGAAAATTCAAGCATATTAAGCCTTACCCCATGAACAATTACTGAAAGCAAAGATAACATTATATTTAAAACATGCCCAAAAAGTATAACAATAATTCCAGCTACTATAAGACCAATATTAGAAGATTTTAACAAAGGTATTGACATAGTATTAAAACTTGCTGATATTGAAAGCCCCGCAAGCCCAACTGCAAAAAGTCTAATATAAGATATTATATCTGCAAACCCCGACACAGTGGTTAAAAACTGCTCTATAATACCCCCAAAACTTTTCAATATACACTTGAAAAAATTTGAACCATCTTGCTTGCCAAAAACAAATACAAGTGCAACGCCAAAATATATTACATTATAAACAACATTATACATGGGAAATCTAGATTGACTTAGTATTAAATTCAAAACAAGATAATAAAGTCCAACTATACACATAAGCCAACCAATCTGTGCAATTGAATGAATATGGGGCTTTTCTTTTACTTGTCTGAAAAAATTCCAAACATGCGCCAATGAAATTTGCAAAACCCCTATTGAAAAACAGATAAAGATAATATTTTGTACACTATTTTTCTCTGTCAAATAACTAACTTTAAATGAATTTAAAATAGGAAACATTTCAAGAATTAAAGGACTACCAAACCAAGTCCCAGTCATAGCACCATAAAGTATCGATGATACACTAAGATAAAATATTAACCCATGAAATGGCGTTAAGGGCTTGCCTTTAAGAAGAAAACTCAAACTAAGCAAAATTCCTATCAAAAAAAATATCACTCCATAAGCAGCATCACCTATTATCATACCAAAAAACACAAAGAAAAATAACATAAAGATAAAACTTATATCCCTTTCTTTGTACCCAGGAATTGTCTCTAAAATATTAAAAATGGGTGCAGCTAAATTGGCAATTCCTTTTCTTTTTATATAAGTTGGAATAATATCATTTTCTTCAGGATCTGCAAATTGAGCTGCAAAACCTGCTTTTAAAACTGCGTTTTTAAGAGATTCTTGACTTTCAGCTGGAACAAATCCTGTAATATACGAAAAATCTTCMAAATCAGTTTGCATATCAGCTAAAACTTGCTCAAACTCTACGATTTGATCGTAATTTTTTATCTCATCTCTTAAAATATCAATATATTTATTAAAAAGAGAAATTTGTGTCAATTTTTGATCTAAAATCTCATCAACAACCTTTAATTTATTATTAATATAATCAAGATCAAAATTAAATTTAAACTCATCAGCAATTTCAATTTTTTGCTCAAATTCACCAACACTCACAAAATAAGAAGTGTTTTTTACGTTTTTAATCAAAAGCACATTGACATTAGGGTCTCTTAATAAATTTTTATATTCACTCTTTTGGATTTTAAAAAATTGAATATAAATGTTAGACTCTTTTAATTCGTCAATATTCTCTAAAGAAAAATTTCCCCAAACAGAAATCAAATTCCTTTCATGTAATAAAGATCGTTTAATATCTTGAAATTCTTTAATTTCATTGCCCAAATTGACTATGCTTTTTGCAATATCTAAAAAATTTCCATTAGAAGATTTTAAAGCTTTAACACCTCCATCTTCTTTAAGCAGGGAAAAAGCTTGCATTAAAATTCGTCTATCATCAATGCTTTTTTTTAAAGAATCTGAATTCTTATTGCAAGAATTAATATGAACTGCTCCAAAATCTCTTAAAATCTCTAATGACTCTTTTTTATATTTTGATAAAGTTAAAAGCAACACTTTTTTCATTTTTACAATCATAAGCTGTTCCTATTTTTTTTTATCAAACTAGATTTAGCAATCTTACCTCTTACAACAGCCGCGGTTTGCTGATCTCCAAGATATATATTAATTTTTTTTATATTAGCCTTAGCTGTTGGTATCATAACTTTCTCAAATAAATTAACCCTCTGAGATGTTATTCTAAACTCTCTTAAAAGCAAATCAATCTGTTTTTTTAAAATTTTAAGTTCTACATCAATTTGAATCACAACTTTAAGAATCTCAATCCCCTTATCTACCCAATAAGGAGTAAAAAGTAAATCATGCCTTATGTCTTCATATTCAATAGAATCGAATATAGGAATTGCAACTCCAGCAATATTTAAAGACTTTTTGACTACTGTTTTTACTTGAATCCAACTCTCAAAAGGAAATTTTTCGCTAAAAAGAGAAATCCAATTAGAAATATTCTCCTTAAGTTTTTGTTGCTCAAGATTTTTAATTTTGTAAGAATTCTCAATTTTAACAATTTCCATATAAAGCTGCTGCTTCTTAAGCTGCAAAGTAGGCAAATATCTCTTAAACATTTTAAGTTCGTCTTTTTGCTTTTTAAGATCATTTTTGGTTAATTTAATTTTAGACATAATCAATAAGTCTCTTTTTTAGGCCAATATTTTTCAATAAGATCTGTTTTTATTCCCGTTTCTTTTGGGCTAAAACAACTAGCAAGAATGCTCCAACCTAAATCTAAAGCCTCTTCTAAAGGAATATTAACAGACAAATCCATCATCTTACTTTCAAACATATTGCTATACTTGAGCAATTTTTCATCCCACTTAGTCATATTAAATCCCATAGCCTTTTTTTCTACAGACTCTTTTGAAGATGCATAAAGCTTGATCATTGAATCCATTATAGTCCTGTGATCGTCTCTAGTTCTACTATTTACCATTTGCTTAAGTCTTGAAAGAGACCCAAAAGGCTCTATTCTGCCACCTTTTAAATAGTATTGACCTTCTGTAATGTATCCAGTATTGTCAGGAACAGGATGAGTAACATCGTCACCCGGCATTGTTGTAACTGCAAGTATTGTAATTGATCCTGCGCCTTCAAAGTCAATAGCCTTCTCATAACGATATGCAAGCTGAGAATACAAATCCCCGGGATAACCTCTATTAGAAGGCACTTGTTCCATTGTAATAGATATTTCTTTCATTGCATCAGCAAAATTTGTCATGTCTGTGAGAAGCACCAAAACTTTTTTGCCCTTTAGAGCAAACTTTTCAGCAACAGAAAGTGAAATATCAGGAACAGTTAAAGATTCAACAACAGAATCATTAGCAGTATGAACAAAAAAAATTGCTCTACTTAAAGCACCTCCCTTTTCTAAAGAATCTTTAAAAGTTAAATAATCATCATGCTTAAGTCCCATTCCGCCAAGAATTATTAAATCAACTTCTGCTTGAAGTGCAATTCTTATAAGAAGCTCATTATAAGGCTCACCAGAAACAGAAAAAATTGGCAATTTTTGAGATTCAACAAGAGTATTAAAAACATCTATCATTGGAAGCCCTGTCCTTATCATATTTCTAGGAACAATGCGTTTTGTAGGATTTGCAGAAGGCCCACCAATTTCAATCAAATTATCATCAAGAGAAGGGCCCCCATCTCTAGGATTCCCAGAACCATCAAAAATTCTGCCCAACAAATTGTCAGAAAATGAAACCTGCATTGAATGCCCTAAAAACTTTATCTCGTCTGACGTGGAAACACCTCTTGTACCACCATAAACCTGAAGAGAAACTTTTTCTCGATCAAGTTTAATTACTTCGGCTAGAGAACTTGTATCTTTTGCTTTTACAATAGCAAGCTCACCATACTTAATACCTTGAGCTGTAACAGTTATTACATTGCCTGCTATAGACTCTATTTTACTATAGACTCTTTTCATATATATATTTCTCCAAACCCCCTAAATTACCTTTTTAAAATTTATCAATTCACCCAAAGCATGCTCCAATTTATTAAACTTATGATCCTTAAAAGAAGAAAGATTCATGTCTAAAAGATTTTGCCTTAACTCATTTATAAAATCTCTTGCTTGAAGTTTATCAGAAAACTCAAAGTTAGTTTTAAGAATGTTATAAACTATATCAAACATATAATTTTGACGCTCTGAACTAACAGCAGCATCAATAGAATCAAATGAATTTTGCTGCAAATAGCACGAATCAAGTAGCTCGGATTTTAAATAAATTAAAAAATCATCGTTACTTATGCCTTCTTCTCCAACAACTTTCATCATTTGATTAATTTCATTACCTTTCACCAAAAAAGATCTTGCATATTCAGTCTTTTTTTGATCAATAACGCCTTTATATTTACTCCAAGATTCAAGAGGACTAATAGCTGGAAATTTCCTAGCATCAGACCTTTCTCTTGTAAGCCCGTGAAATGCTCCTACAACTTTTAAAGTTGCTTGAGTAACTGGCTCTTCAAAATTACCACCAGCAGGACTTACAGAGCCACCAACTGTTACAGATCCAATATCCCCATTATTAAGAACTACAATACCTGCCCTTTCATAAAAGGAAGCAATAACAGACTCAAGATATGCCGGAAAAGCCTCCTCGCCAGGAATTTCCTCAAGGCGTCCAGACATTTCTCTCATTGCTTGAGCCCATCTTGAAGTTGAATCTGCCAAAAGAAGAATATCAAGGCCCATTTGCCTGTAATACTCACCAATAGTAATAGCAGTATAAACAGAAGCTTCTCTAGCTGCAACTGGCATTGAAGATGTATTACAAATAATACAAGTCCTGTCCATTAAAGATTTGCCGGTTTTTGGATCCATTAATTCGGGAAATTCTTTAAGAGTTTCTACCACTTCTCCTGCTCGCTCACCACAAGCTGCAATAATCACTACATCAACATCAGCATTTCGACTTGTAACCTGCTGAAGAACCGTTTTTCCTGCTCCAAAAGGACCCGGAATGCAAAAAGTTCCACCTTTGGCAACTGGGAAAAATGTATCTATAATTCTAGTTTGAGTCAACATAGGTTCACTAGGAATAAGGCGTTCCTTATAATTAGTAATAGGAACTTTAACAGGCCAATGAAAAGACATTGTAATATTATGCCTCATACCAGAATCATCTTCAATTACAGCAATTTGCTCATCAATCGAATAGTCGCCATCACTTACAATCTCCACAATTTTATAAGAATCCCTTTTATAAAATGGAATCATTATTTGATGGTGAACAGTTCCCTCAATTACAAAACCTAAAAAATCTCCTGCAATAACGATATCTCCAACTTTGGAGGTTTTTTTAAAATTCCACTTTTTATCTTTATTCAAGGGCCTTAAATATACTCCCCTTTCTAAAAAAAATCCACATTGAATAGCCAATTCAGGCAAAGGATTTTGAAGCCCATCATATACTTGAGTTAAAAGCCCTGGTCCGAGTTCAACTGTTAAAAGTTTGTCTGTAAATTCAACTAGGTCTCCAACAGATATCCCTTTTGTCAATTCAAAAACCTGTGCATCAACTTCATTGCCCCTAATACGAATTACTTCTGCTTTTAAATTCCTACCAGCAGTCTTTACAAATAAAACTTCATTCATAGAAACTGAACCTTCTACCTCAATAGTAACTAAGTTTCCATTAACTCCAACGACTTTTCCTTTTGTATTCATTTAAATTCCTTTTCTAAACTTTTTCATTAGTTTTATCAATTAAATTTTTACAAATATTGTCAAAATTTTGAATACCCAATTTTTCTTTAAACAAATTATGCCTTAAAAATAACCTTAACTTTAAAAAGTAAATTATTAATTTCTCAAAATCAAATTCATGCCCAACCTCAAGATCAGTTAAAAATTGCCACTTAAGAAGGTCAAAACTTAATTCTATTTCAAAAGGATTTTCTTTCAAGCAGATGTTTTTCAAAATACTAAGATAGTAACTTGAAAAATAAGTAGACTCTAAATAAAAATCCTTAGACAATCCCAATTTTTCTGCCCTTAAAGCTGCAAGTGTATATCTTATTGTATCTTCAAAATTAAGAAAAAGGTCAATAACTCTTGACTTGCCCCTATCTATCTTAAATTCTAGCAACTCTTTTAAAAAATTGAAGTCCTTTTTACTTAAAGAAATTTCGACATTATTTAAAAAATCTGAAACACTATAATTTTTCAAAGATTTTAAATCAATATAAGGCAAAGAAGATAAAACATAATAATATGAATCTAACACAAAAGTCTCCTAGACCACTTTTATAACTTCCTTAAATCTTGGATTAAGATAATCAAAAAGAATGTCTGCAATAGTTTCAGCTGAAAAATCATAATGCAAACCAATATTCTTTTTTTGAATCTTAAAACCTTTGCTTATGCCCCTGAAAGGCCTAAGCTCCATCCCTTCCTTAAGCTTATTGCCAAGTTTTAGTCTTAATATCTGCTCTAAACTAGAAAAATCAGATTCATTTAATTGAATAACTAATTTTTCTCCCTTAGCCCATGAATCTGTTATTTTAATTATAAGCTCTGCTAAAAAATTATTATCACTTAAAACTTCCGTCACATTATCTTTTAAAGCATTTTCAAAAAGAGATTTAAGATTCTTTTCAACGCCAATAATTAAATCTCTTATTGCCTGACGAGAAGCTTCAAGGGCATGGCATTTATAATCATTAGCTTCTTTTTCTGATTTTGCCTTTAATACTCTAGCAGCTTCTTCTGCTCTAGCAACTATTTCCTCTGCCTCTCTTTTAGCCTTCAAAATAATATCATTAGATGCTCTCTCAGCTTCTTCAAGCCCATCTTTTTTAATTTTATTTATCAGATCCTTTACTTCAAATTGCATCAAAACTCCTTATCATATAAGATAAAAATAATAACCTAACACTTATTAGCAAACAAAACTTTAAAAAAGCATAAAATAAATTTTTAATATCAAAAATTTTACAATATTAAAAAACATATCAAGTTGGCACAATAATACTTCTTTAAAGAATATACTTATTCTCAACTATTAGAAATAATACAACCATTAAAAAAATGGTCCAATAATTTTATAAACATTGCCATCAAGCACTATATCAAGATTTTTGCTTGGAAATTTATTTTTAAGTCCTTCTCTAAAGATTTCAATACCCCTTTTATTTATCTTATCCCAAAATTCATCATCAACAAAATTTAAAGTTAATATCTCAATAATAATCAAATAACCTCTTCCAAACCTAGATCCATAGCCTGACGTAAAAGTTGTTGTAACACTAAAAAGACCATCTAAAAGACCATTTGCAGCCTTACCCCTAAAGGGCCTGTTGGGATGAATATCATAAGAATTGCCAAATTCATTCTCAAGCACAAAATCAACATCAAGGCAAATGTGAAACAATACATTTTCAAATTCATTAAATTTCGATATATTCACTTAAATTAAATCTCAACTATGGTTTTTCCAGACCCTCCATCACTAGGGTGAGCAAAATAATATTTTCTAATAAACTTCAATTCTTTTAATAAATTGTGAACTTCTCTCATAAGATGGCCCTCCCCTTTTCCATGAATGATCTCAAATTTATTAATACCATTTAATATAATATTATCTATTTTCTTATTCAAAAAGTCTAGAGCATCAACAGACCTCATACCCCTAATATCAATGGTAAAGCTTAATAAATTTTCCTTATTATAATCAATTGAAAAGTTAAAATTTTTTCCATTCTCTTTTTTTTCTTTAAAGTTTTCCAAAGATATCTCTGAGCTAGAAACACTAACATTAAAAGCACCTACATTAACGGTGATCTTCTTTTTTGAGATCCCGACTATTTTTCCTTTTGCATTAGAATTAACTATTCTAACCTTGTCTCCTATTTTAAAATCTGCAACTACATTTCTCTTATTGTTAAGAGAATTCACTTTATTTGTCTTGAGGTCTACATTTTTTTCCAAATCTGATATAAAAGCTTTATTCTTTGCAACATTAATATTGCCCTCTTTTATTTCTCTAACCAAATTTTCTAAAACTTTTCTTGAATTTTTTAAAAATTCATTCTGCTCATTTAAAAGCTTTGTCTCAATATTTTTTTCCCTTAATAAAAGATCTTGATAAAAATTTTCTAGCTCTTTTTCTTGCAATTCTATTTGGATTAATTTCTTATCCATACTTTCTTTAATTAAAAGCAAATCTTTTTCTTTTTCTATTAATTTTTCTAAAATTTCATTAATTTCTGTTTTTTGAGATGAATAAATTTCATTAGCACGAATTACTATGCTCCTGTCAATCAAAGCCTTGCTAGCAACATTAAACGCATAACTTTCACCAGGAATGGAAAAAATTAAATTATAATTGGGCTGCATTGTCTCTAAATCCATCCGCATAGAAGCATTAACAACACCTTCATGGGTATATGCAAAATATTTAAGAGCATTATAATGAGTTGATATTAAAACATAAGAATTAATATTGATCAAATATTCAAGAATTGAAATAGCAAGCGCCTGACCTTGATCAATGTCTGTTCCTGAGCAAAATTCATCAAATATTACAAGGCTATCTTTTGTAGTATGTTTTAAAATATAAGAAATATTGCTCATATGGCTTGAAAAAGTTGAAAGAGAATTAGAAATTGACTGCTCATCACCAATGTCAATAAAAATGTTATCAAAAATTTTAAAAGTGCTAGACTCACCAACAACAATAGGGATCCCAAATTGAAACATTGCACTAAGTAGTCCAATTGTCTTTAAAGTTACCGTTTTTCCACCAGCATTAGGACCAGTAATAATTACAACACGATTCTCAGCAGGAGTAAAAGTTATTGCCTTTGAATCCTTTAACAAAGGATGGTGTGCATCAAAAATATTTAATACATTTGAAATCTCGGGAAATACCCCTTTAGTTTTGATTCCATAAATCGCTCGAGCTTTTAAAGAATCATAATACAAAAAATTATTATAAAGGTTATCTAAAAGAACAATGTTGCTATGAACTTTAGCAGAAAGATTTCGTAAAATTTTTAAAATTATTCTTTCTTTTTCTAAGCTCAAATAATTTAACCTGTTGTTAGCATTTACAATATCGTTTGGCTCAATATAAAATGTTTCACCTGATGACGAAATAGAAATAATATTACCCTTAATTTTGCCTTTAAAATTAGACTTAAGAGCAAGGGTATATTTATTCGATTTATAACAAACAAAATTAGAAGTCAAATATTCTGCGTTCAAACTAATTATTTTTTTTATCTGATTTTCAACTCGTCTATTTAAATTTTTAATTTCAAATTCAATCGAATCATATTCTTTTACAACACCACTTTTCAATTCAAGAGCATCAACATCTATATGTTCTTTCAATTCATTAAGCAAATTTTTTAGCTCTGGGTTTAAAAATAATAAATCAGATAAAATCTGAACATTAAGATGCTTGATATCACTATTTTTATGCAAAAATAAATTTATTCTTAAAACCTCATCTAAAAACACTATAATATCTCTCAAATTTTCAATAGAAACTCTTGAATTTTCTTTTAATAATAATGAAATGGGATATTTTAAACTATTTATAAAAGAATTTGGATATCCTTTGCAACTTTCAAAAAGCATTCTAATCAGACTTACAAAGGAGAATATTTTCTCTAAACTTTCTTTTGTTTTTAATATTTTTTGATTACTTAGTAAATTAACAGTATCCGGATTAGAAACGTATTTAGATACTAAAGATAAAATTTCATAAAAGTCAATATTTTTTAAATATTTATCTTGTTCATCTTGCATAATTTTTATAATTTTTAAGCTCTGACAAAATCTTTAAATAGCTTTCGTATCTAAGTTTAGAAATTCCATTATCCAAAGAACTTGTAACAGAACAATAAGGTTCGCTAACATGCAAACAGGATTTATATTTACAAAAACTAGCAAAATTTTCAAACTCTTTAAAATAATACTTAAGATTCTCAAAGGGTAATGTTTCAATTCCAAACTCCTTTATTCCTGGAGTATCAACTATTATTCCGCTATCAGAATGAAATGATATTGAATAAACGGTAGTATGTTTTCCCCTAGAATACTTATGTGAAATTTCATTTACCGATTGAGAAGCTCTTGAATCAATCAAATTTATCAAAGAAGATTTACCAACGCCAGACTGGCCAATAAAAGAAGTTCTTGAATTTTTCAAAACCTCTTTTACTTCTTTAATGCCCTCATAAGTTTTAACAGAAGTTTTTAAAACCTTGTATCCTAGATTTTCATAAATTTCAGAAAATTCTTGTGCCTTTTGGCTTATTCCTTTGTCAATTTTATTAATCACAATAATAGGAACAATATTTTGTTCTTCTGCAACAATAAGAACTCTGTCAATAAAGAAATTTTTCATCTCAGGAAAATTAGCAGAACTTACAATCAAAACATTATCAATATTAGAAACAATTGTCTGTCTAAGATCTGCTTTCTTATTGTAACGCCAAAGAATATTTTTCCTGCTTAATCGCTTATCAATATACACTTTGCGAGAACTATAAATATATCCTAAGACTATATCCCCCGGAACTAAAGGACTGTACTCCTTGCAACCTGTTTCTAATACCTTACCCTTAAAAATTCCTTCATAAATTAACTTACTGTTAAGCTCTAAAATAGAATATATATTATTAACTCCCCAAATAACTTCAAATTCAAGATAATTCAAACTATCATTCCCTTAAAGCGAAGATTATATTTTTTGCAAAAATTTTGATAAAAAGTCAAATTTTTATTTTCGGTCAAATAAAACTCATCATCTACAAAATCAAAATCATTCTTATAATAATTACCTTTGTGTTCAGAAAAATTCATTGATCTAATAAGATTTTTTACCACTAATTCACGATTCTCATAAACAGGAATTTTTAAAAAATCTTCTATCATTACCTTAAGATGCAAATAATGCGTGCATCCAAGAAAAACAATTTCTCTACCAGTATTTACAACTTCAAATTTTAAAGCTTCTAAACATCTAAGAGCATATTTTTTGTAATTCTCTCCATATTCAACAAAATTAACAAGCTCTCCAGCAGCTTTTACAATCAAATCATTATGTATATTTACTTGATCCTTAACAAATTTGCTTTCAAGAGTAGTATTTGTTGCAATCAAAAGAACTCTTTTTAAAACAAGATCTGAAACTGAACTTACATCTGGCAAAGTATAGACTACTGGAAAAACAAAATTTAATTTATTGTATACACTAACAGAAATTGTATTACAAGCCAAAACTAATGCACCAATATTATAGATTTTTTTAAGCTTCTCAATCAAAAACAAAACTGCTTCTAGAAGATATTCAGGACTTTTTTCTCCATAAGGGAAATTTTTATTATCGGCAACATAAACATATTGGCATCCCCCTATTCTACTTTTAATATATTTAAAATAAGAAAGCCCTCCTATTCCTGAATCAAAAATAATTATTACTTCTTTGAAATTTTTCATTACAAAATAATAATCACCCCTAAAAAGTAAAGTATAAATATTAACAAAGTTAATATCAAGAATTAAAATAATAAAAATTGTTAAATGTTTTTTTTAAAAAAAGTTTTAAGCTATAATAAAATTGATTTAACAATATTAATAAGTTAAGTATTTAGGATGATAAATAAA
Borrelia burgdorferi B31;asnS;Bacteria;Spirochaetes;asnS;98816;82941;AAACCCCCAAAATATTTGGGGTCTTAATACTAAAATTCCATTTTATCAATATAGCTTTTAAGCTGATTAGCAGAACTATTAAACTTATCAAGCTCTTTAGGGCTTATCTTAAAGTTTAAAACTTCTTTGACTCCTTCCTTACAAACTATAGCAGGCGCTCCAATATAAATATCTTTAATCAATCCCCCATACTGGCCATTAATATAAGAAGATATTGGCAGAATAACATTCTGATCTCCAATTATTGCATTTACAATATTCTTAATACCAAGTCCAATAGCATAATAGGTTGCCCCCTTTAACTTAATAACTTCATAAGCAGCATTCACAACCTTTTTATGAATTTCATCAAGCTCCAACTCAGTTATTTTGCCTTCAGCAAGATATTCTGACAAAGGCTTCATTGCTATTTTTGTTTCATCCCACGTAGCAAAAGAACTGTCACYGTGCTCACCCATAATATATGAATGTATATTTTGAGTGTTCACATTAAAATGATCACTTAAAAAATATCTAAGTCTTGAAGTATCAAGAATAGTCCCAGTACCAATAACCTTATGAATAGGAAATTTGGAATATTTCATTGTAACATAAGTCATAATGTCTACAGGATTGCTTGCAACAACAAAAATACCATCAAAACCGCTAGATACAACATTAGTTATAATATCTTTAAAAATTTTAGAATTTTTATCAACCAAATCAAGTCTTGTCTCACCAGGCTTTTGATTAAGTCCTGCTGTAATTACAACAATATCTGCATTAGCACAATCTTTGTAAGTCCCAAACAATACATTAATATTCTTCTTTAAAAACATTTGGCCATGATTAAGGTCCATGACCTCCCCTTTTGCTTTATTTTCATTAACATCAATAATTACAAGTTCATGTACAAGTGAATTGTCTATTGTTAAAGCATACGCAAAGCTTGAACCAACCCCACCAGCTCCAATAAGAACAACTTTATTAGACTTAAGCATAATTACTCCATTAAATTAAAACTATATACAAAACTAATTTTAAATAAGTAATGATAAAAATATTCTATCGCATTTCTAAGGGCTTTGCCAATCACATACCTTTAAAAATTAAAAACAAATTTAATTATCATTGGATTTTAGAACCGCAAGAAAAGCGCTTTGTGGAATCTCAACATTTCCCACCATCTTCATTCGCTTTTTACCTTCTTTCTGCTTTTCCAAAAGTTTTCTCTTACGAGTAATATCACCACCATAACACTTGGCAGTAACATCTTTTCTAACAGGAGAGATTGTCTCTCGAGCAATAACATTAGAGCCAATAGCACCTTGAATGGCTATTCTAAATTGTTGCCTTGCTATTTCATCTTTCAACTTTTTACAAATCCCAATAGCCTTAGTTCTGGCGCTATCTTTAAAAACCAACTGGGAGAGTGCATCAACTCTATCCCCATTAACTAATATATCTAATCTTACCAAATCTGTATATTCATAATCTAAAAGCTCATAATCAAAAGAAGCATATCCACGGCTCACAGATTTAATTTTATCATAAAAATCAAAAAGGATTTCAGAAAGAGGCATTTTATAAATAAGTTCAACACGCTTAGTATCAAGATAAATTAAGTTCGTCTGAACTCCTCTTTTCAATAAACACACACTCATAATATTGCCCAAAAATTCTGTAGGAACAATAATATTAGCCTTAATATAAGGTTCAAGAACGCTTTCAATAGCTTCATTTCCGGGAAATTGCTCAGGAGTTTCAATAAAATAAGATTCTCCCTTTTTAGGAATTATTTTGTATCTAACAGAAGGAGAAGTCAATATCACGTTTAAATTAAATTCACGCTCAATGCGTTCTTGAATAACTTCTAAATGCAAAAGACCAAGAAATCCACACTTAAAACCATGCCCAAGAGCAGATGATGAATCTTTTTCAAATGTTAACGATGCATCATTAAGTTTTAATCTATCCATTGCCTTTAAAAGATCATCATATTGATTAGCATCAACAGGATAAACTGAAGAGAATACTACAGGCTTAACTTCTTTAAATCCCTCAAGAGGAGATAATGCGGGAAAATCACAAAGTGTTACTGTATCTCCAATTTTCACATCTGATATATTTTTTATTCCTGCAATAAAATATCCAACATCTCCTGCTTCTAAGGTATCTTTTCTTTCAAGTGATATTTTAAAAATTCCGATTTCTTCAATTAAATGCTCGCTATTAGTATGCATTAACCTAATCTTATCGCCCATTTTGATTTGTCCTTCGAAAATCCTAAAGTGAACAACAACTCCTCTATAAGAATCATAATGAGAATCAAAAATTAATGCTCTTAATGGATCCTTAATACTTCCCCTAGGAGATGGCACATACTTACAAATAGCTTCAAGCAAATCATCAATTCCTATTCCATTCTTAGCAGAAATCGAAATAGCAATTTCTTCATTTAATCCTAAATCATTTTTTATTTGCTTTTTTACAAAATCAACATTAGCATTTGGAAGATCTATCTTATTAATAACGGGAATAATTTCTAAATCATGCTCAAAAGCCATATAAAAATTAGAAACTGTTTGAGCTTGTATTCCTTGACTTGCATCAATTAATAAAAGAGCACCCTCACAAGATGAAATTGCCCTTGAGACTTCATAAGAAAAATCAACATGGCCTGGAGTATCTACAAAATTTAACTCATAAAAATCACCATCATTACTTTTATAAGTAATTGTTACTGCCTGACTTTTAATTGTAATTCCTCTTTCTCGCTCAATATCCATACTGTCAAGCATTTGACTTTTAAAATCACGATCAGATATTATTTTAGCTTTTTGAATAAATCGATCAGCTAATGTAGATTTACCATGATCAATGTGTGCAATAATGCAAAAGTTTTTCTTACGAATACTAATACTACTTCCCCCCTGAACTACAAGTCAAAATTTAAAAATTTAATTTTTTTTTAAATATACAGAATTTTTAATTTGACTTCTTGATTTAGCAATATAAGGAGAAAACCTTGGCGCAAGATCTACTACTAATTTCCAAGTATCTATTGCTCTAAATTTATAATTGCCATTAGAATATGCATAAGTAGCAGCAGCAACATTATAAACTATTTCCCAAAAATCTGTAGATTCAAAAGCATTTTTTATTGCCTTATACTTATTAATTTTTTGAACAAAAGACCTTAAATTTTTAAACTGATACACAGGTTCATAATAACAAACATAATCATACATTCTTGTTAAAATTCCTACTGCAGCTATAAGTCCATGAGTAATTGAAAGCTCATAAGCTTTTAAGTGCAAATAAACTTTTGACAATAATTGATGAGTATCAATAACATTGTAGTTTTTAAATCTGTAAAGATTAAAAGTAAAATCAATACCAAAAGCTCCTCTTACTTGTTTTAAATAAGAAGTTAAATAAAATGAAGCATTAAGTTCATTATTTGACATACTGTTTTCGCCTTGAGAATAATCATGATAACTATAATAATCTTTTTTAGTTGAAAACTTATTTAATATGTCATTCAAATAATCAATAGTATCAACATAATTATTCTCAAGTTCAGCCATTTTAGCTAAAGAAAAAAGTATTTTTTTTTCAAAAGATTCATCTAGCAAATAATATCTGTCTTCAAAAGACTTATAAAGGTTTAATTTTTCAAGAATAGCATTGCCAGACATACCATAAGCTACTGACAAATAATAACTAGCCTCAGGATAAACGCCTTTTCTAAGCAAAGCTTCCTGCAAATAATTAATAGCATGTGTAAGATTAGACTTACTAAATTCAGATTTAGAATAAAGAAATTGCCTGCCTTTTTCAAGTAAAATCCAATACGGAAAATTTTTATTACTTGAAGAATACAAAGAAATAGAAAAAGGCAAAGCAAAAAAAAATAAAACCGCACTTCTCATAATAATAAATATATTAAATTAACTCATAAATTACGAGAAAATTTAATATTAAAAGAAATAATAAATCAAAATTAAACAAACTTAAATATCATTAAGAATACCATTACAAAAAGAGCAACGGATTCTATTAATCCTAAAACTAATAGATATGTGGCAAATCCTTTCCCAGTCTCAGAAAATGCATCGCAAGCACCTGCTGCCGCTTTACCTTGAGCAAATCCAGAAACAGCAATAGCAAACCCACCACCAATACCAGCTCCAAGCAACAACCATGGATTTGTCTGCATCATTACCTCATATAATGTGTTCATCAAAATATATCCATATATTATTTGAGTCAATGGTGCTGAAACAAAAACTATCAATAAAAATGGTGCTGGCTTTCCTTGCATATAGCATCTCTTCCATGCTCCAATAGCAGCACTACCTGCCGCCCCCATGCCCAACGCAGAACCTATTGCTGAGATTGTTAAAGCTGAATTAACCCCTATTAAACCTATATCCATAAATACTCCTTTTTATTTATTTTTTCATTTTTTTAAAAGGCCTATAAGCACATCCACTCCATTCTTGCCCCAAATGGTTTGAAAATTCAAGCATATTAAGCCTTACCCCATGAACAATTACTGAAAGCAAAGATAACATTATATTTAAAACATGCCCAAAAAGTATAACAATAATTCCAGCTACTATAAGACCAATATTAGAAGATTTTAACAAAGGTATTGACATAGTATTAAAACTTGCTGATATTGAAAGCCCCGCAAGCCCAACTGCAAAAAGTCTAATATAAGATATTATATCTGCAAACCCCGACACAGTGGTTAAAAACTGCTCTATAATACCCCCAAAACTTTTCAATATACACTTGAAAAAATTTGAACCATCTTGCTTGCCAAAAACAAATACAAGTGCAACGCCAAAATATATTACATTATAAACAACATTATACATGGGAAATCTAGATTGACTTAGTATTAAATTCAAAACAAGATAATAAAGTCCAACTATACACATAAGCCAACCAATCTGTGCAATTGAATGAATATGGGGCTTTTCTTTTACTTGTCTGAAAAAATTCCAAACATGCGCCAATGAAATTTGCAAAACCCCTATTGAAAAACAGATAAAGATAATATTTTGTACACTATTTTTCTCTGTCAAATAACTAACTTTAAATGAATTTAAAATAGGAAACATTTCAAGAATTAAAGGACTACCAAACCAAGTCCCAGTCATAGCACCATAAAGTATCGATGATACACTAAGATAAAATATTAACCCATGAAATGGCGTTAAGGGCTTGCCTTTAAGAAGAAAACTCAAACTAAGCAAAATTCCTATCAAAAAAAATATCACTCCATAAGCAGCATCACCTATTATCATACCAAAAAACACAAAGAAAAATAACATAAAGATAAAACTTATATCCCTTTCTTTGTACCCAGGAATTGTCTCTAAAATATTAAAAATGGGTGCAGCTAAATTGGCAATTCCTTTTCTTTTTATATAAGTTGGAATAATATCATTTTCTTCAGGATCTGCAAATTGAGCTGCAAAACCTGCTTTTAAAACTGCGTTTTTAAGAGATTCTTGACTTTCAGCTGGAACAAATCCTGTAATATACGAAAAATCTTCMAAATCAGTTTGCATATCAGCTAAAACTTGCTCAAACTCTACGATTTGATCGTAATTTTTTATCTCATCTCTTAAAATATCAATATATTTATTAAAAAGAGAAATTTGTGTCAATTTTTGATCTAAAATCTCATCAACAACCTTTAATTTATTATTAATATAATCAAGATCAAAATTAAATTTAAACTCATCAGCAATTTCAATTTTTTGCTCAAATTCACCAACACTCACAAAATAAGAAGTGTTTTTTACGTTTTTAATCAAAAGCACATTGACATTAGGGTCTCTTAATAAATTTTTATATTCACTCTTTTGGATTTTAAAAAATTGAATATAAATGTTAGACTCTTTTAATTCGTCAATATTCTCTAAAGAAAAATTTCCCCAAACAGAAATCAAATTCCTTTCATGTAATAAAGATCGTTTAATATCTTGAAATTCTTTAATTTCATTGCCCAAATTGACTATGCTTTTTGCAATATCTAAAAAATTTCCATTAGAAGATTTTAAAGCTTTAACACCTCCATCTTCTTTAAGCAGGGAAAAAGCTTGCATTAAAATTCGTCTATCATCAATGCTTTTTTTTAAAGAATCTGAATTCTTATTGCAAGAATTAATATGAACTGCTCCAAAATCTCTTAAAATCTCTAATGACTCTTTTTTATATTTTGATAAAGTTAAAAGCAACACTTTTTTCATTTTTACAATCATAAGCTGTTCCTATTTTTTTTTATCAAACTAGATTTAGCAATCTTACCTCTTACAACAGCCGCGGTTTGCTGATCTCCAAGATATATATTAATTTTTTTTATATTAGCCTTAGCTGTTGGTATCATAACTTTCTCAAATAAATTAACCCTCTGAGATGTTATTCTAAACTCTCTTAAAAGCAAATCAATCTGTTTTTTTAAAATTTTAAGTTCTACATCAATTTGAATCACAACTTTAAGAATCTCAATCCCCTTATCTACCCAATAAGGAGTAAAAAGTAAATCATGCCTTATGTCTTCATATTCAATAGAATCGAATATAGGAATTGCAACTCCAGCAATATTTAAAGACTTTTTGACTACTGTTTTTACTTGAATCCAACTCTCAAAAGGAAATTTTTCGCTAAAAAGAGAAATCCAATTAGAAATATTCTCCTTAAGTTTTTGTTGCTCAAGATTTTTAATTTTGTAAGAATTCTCAATTTTAACAATTTCCATATAAAGCTGCTGCTTCTTAAGCTGCAAAGTAGGCAAATATCTCTTAAACATTTTAAGTTCGTCTTTTTGCTTTTTAAGATCATTTTTGGTTAATTTAATTTTAGACATAATCAATAAGTCTCTTTTTTAGGCCAATATTTTTCAATAAGATCTGTTTTTATTCCCGTTTCTTTTGGGCTAAAACAACTAGCAAGAATGCTCCAACCTAAATCTAAAGCCTCTTCTAAAGGAATATTAACAGACAAATCCATCATCTTACTTTCAAACATATTGCTATACTTGAGCAATTTTTCATCCCACTTAGTCATATTAAATCCCATAGCCTTTTTTTCTACAGACTCTTTTGAAGATGCATAAAGCTTGATCATTGAATCCATTATAGTCCTGTGATCGTCTCTAGTTCTACTATTTACCATTTGCTTAAGTCTTGAAAGAGACCCAAAAGGCTCTATTCTGCCACCTTTTAAATAGTATTGACCTTCTGTAATGTATCCAGTATTGTCAGGAACAGGATGAGTAACATCGTCACCCGGCATTGTTGTAACTGCAAGTATTGTAATTGATCCTGCGCCTTCAAAGTCAATAGCCTTCTCATAACGATATGCAAGCTGAGAATACAAATCCCCGGGATAACCTCTATTAGAAGGCACTTGTTCCATTGTAATAGATATTTCTTTCATTGCATCAGCAAAATTTGTCATGTCTGTGAGAAGCACCAAAACTTTTTTGCCCTTTAGAGCAAACTTTTCAGCAACAGAAAGTGAAATATCAGGAACAGTTAAAGATTCAACAACAGAATCATTAGCAGTATGAACAAAAAAAATTGCTCTACTTAAAGCACCTCCCTTTTCTAAAGAATCTTTAAAAGTTAAATAATCATCATGCTTAAGTCCCATTCCGCCAAGAATTATTAAATCAACTTCTGCTTGAAGTGCAATTCTTATAAGAAGCTCATTATAAGGCTCACCAGAAACAGAAAAAATTGGCAATTTTTGAGATTCAACAAGAGTATTAAAAACATCTATCATTGGAAGCCCTGTCCTTATCATATTTCTAGGAACAATGCGTTTTGTAGGATTTGCAGAAGGCCCACCAATTTCAATCAAATTATCATCAAGAGAAGGGCCCCCATCTCTAGGATTCCCAGAACCATCAAAAATTCTGCCCAACAAATTGTCAGAAAATGAAACCTGCATTGAATGCCCTAAAAACTTTATCTCGTCTGACGTGGAAACACCTCTTGTACCACCATAAACCTGAAGAGAAACTTTTTCTCGATCAAGTTTAATTACTTCGGCTAGAGAACTTGTATCTTTTGCTTTTACAATAGCAAGCTCACCATACTTAATACCTTGAGCTGTAACAGTTATTACATTGCCTGCTATAGACTCTATTTTACTATAGACTCTTTTCATATATATATTTCTCCAAACCCCCTAAATTACCTTTTTAAAATTTATCAATTCACCCAAAGCATGCTCCAATTTATTAAACTTATGATCCTTAAAAGAAGAAAGATTCATGTCTAAAAGATTTTGCCTTAACTCATTTATAAAATCTCTTGCTTGAAGTTTATCAGAAAACTCAAAGTTAGTTTTAAGAATGTTATAAACTATATCAAACATATAATTTTGACGCTCTGAACTAACAGCAGCATCAATAGAATCAAATGAATTTTGCTGCAAATAGCACGAATCAAGTAGCTCGGATTTTAAATAAATTAAAAAATCATCGTTACTTATGCCTTCTTCTCCAACAACTTTCATCATTTGATTAATTTCATTACCTTTCACCAAAAAAGATCTTGCATATTCAGTCTTTTTTTGATCAATAACGCCTTTATATTTACTCCAAGATTCAAGAGGACTAATAGCTGGAAATTTCCTAGCATCAGACCTTTCTCTTGTAAGCCCGTGAAATGCTCCTACAACTTTTAAAGTTGCTTGAGTAACTGGCTCTTCAAAATTACCACCAGCAGGACTTACAGAGCCACCAACTGTTACAGATCCAATATCCCCATTATTAAGAACTACAATACCTGCCCTTTCATAAAAGGAAGCAATAACAGACTCAAGATATGCCGGAAAAGCCTCCTCGCCAGGAATTTCCTCAAGGCGTCCAGACATTTCTCTCATTGCTTGAGCCCATCTTGAAGTTGAATCTGCCAAAAGAAGAATATCAAGGCCCATTTGCCTGTAATACTCACCAATAGTAATAGCAGTATAAACAGAAGCTTCTCTAGCTGCAACTGGCATTGAAGATGTATTACAAATAATACAAGTCCTGTCCATTAAAGATTTGCCGGTTTTTGGATCCATTAATTCGGGAAATTCTTTAAGAGTTTCTACCACTTCTCCTGCTCGCTCACCACAAGCTGCAATAATCACTACATCAACATCAGCATTTCGACTTGTAACCTGCTGAAGAACCGTTTTTCCTGCTCCAAAAGGACCCGGAATGCAAAAAGTTCCACCTTTGGCAACTGGGAAAAATGTATCTATAATTCTAGTTTGAGTCAACATAGGTTCACTAGGAATAAGGCGTTCCTTATAATTAGTAATAGGAACTTTAACAGGCCAATGAAAAGACATTGTAATATTATGCCTCATACCAGAATCATCTTCAATTACAGCAATTTGCTCATCAATCGAATAGTCGCCATCACTTACAATCTCCACAATTTTATAAGAATCCCTTTTATAAAATGGAATCATTATTTGATGGTGAACAGTTCCCTCAATTACAAAACCTAAAAAATCTCCTGCAATAACGATATCTCCAACTTTGGAGGTTTTTTTAAAATTCCACTTTTTATCTTTATTCAAGGGCCTTAAATATACTCCCCTTTCTAAAAAAAATCCACATTGAATAGCCAATTCAGGCAAAGGATTTTGAAGCCCATCATATACTTGAGTTAAAAGCCCTGGTCCGAGTTCAACTGTTAAAAGTTTGTCTGTAAATTCAACTAGGTCTCCAACAGATATCCCTTTTGTCAATTCAAAAACCTGTGCATCAACTTCATTGCCCCTAATACGAATTACTTCTGCTTTTAAATTCCTACCAGCAGTCTTTACAAATAAAACTTCATTCATAGAAACTGAACCTTCTACCTCAATAGTAACTAAGTTTCCATTAACTCCAACGACTTTTCCTTTTGTATTCATTTAAATTCCTTTTCTAAACTTTTTCATTAGTTTTATCAATTAAATTTTTACAAATATTGTCAAAATTTTGAATACCCAATTTTTCTTTAAACAAATTATGCCTTAAAAATAACCTTAACTTTAAAAAGTAAATTATTAATTTCTCAAAATCAAATTCATGCCCAACCTCAAGATCAGTTAAAAATTGCCACTTAAGAAGGTCAAAACTTAATTCTATTTCAAAAGGATTTTCTTTCAAGCAGATGTTTTTCAAAATACTAAGATAGTAACTTGAAAAATAAGTAGACTCTAAATAAAAATCCTTAGACAATCCCAATTTTTCTGCCCTTAAAGCTGCAAGTGTATATCTTATTGTATCTTCAAAATTAAGAAAAAGGTCAATAACTCTTGACTTGCCCCTATCTATCTTAAATTCTAGCAACTCTTTTAAAAAATTGAAGTCCTTTTTACTTAAAGAAATTTCGACATTATTTAAAAAATCTGAAACACTATAATTTTTCAAAGATTTTAAATCAATATAAGGCAAAGAAGATAAAACATAATAATATGAATCTAACACAAAAGTCTCCTAGACCACTTTTATAACTTCCTTAAATCTTGGATTAAGATAATCAAAAAGAATGTCTGCAATAGTTTCAGCTGAAAAATCATAATGCAAACCAATATTCTTTTTTTGAATCTTAAAACCTTTGCTTATGCCCCTGAAAGGCCTAAGCTCCATCCCTTCCTTAAGCTTATTGCCAAGTTTTAGTCTTAATATCTGCTCTAAACTAGAAAAATCAGATTCATTTAATTGAATAACTAATTTTTCTCCCTTAGCCCATGAATCTGTTATTTTAATTATAAGCTCTGCTAAAAAATTATTATCACTTAAAACTTCCGTCACATTATCTTTTAAAGCATTTTCAAAAAGAGATTTAAGATTCTTTTCAACGCCAATAATTAAATCTCTTATTGCCTGACGAGAAGCTTCAAGGGCATGGCATTTATAATCATTAGCTTCTTTTTCTGATTTTGCCTTTAATACTCTAGCAGCTTCTTCTGCTCTAGCAACTATTTCCTCTGCCTCTCTTTTAGCCTTCAAAATAATATCATTAGATGCTCTCTCAGCTTCTTCAAGCCCATCTTTTTTAATTTTATTTATCAGATCCTTTACTTCAAATTGCATCAAAACTCCTTATCATATAAGATAAAAATAATAACCTAACACTTATTAGCAAACAAAACTTTAAAAAAGCATAAAATAAATTTTTAATATCAAAAATTTTACAATATTAAAAAACATATCAAGTTGGCACAATAATACTTCTTTAAAGAATATACTTATTCTCAACTATTAGAAATAATACAACCATTAAAAAAATGGTCCAATAATTTTATAAACATTGCCATCAAGCACTATATCAAGATTTTTGCTTGGAAATTTATTTTTAAGTCCTTCTCTAAAGATTTCAATACCCCTTTTATTTATCTTATCCCAAAATTCATCATCAACAAAATTTAAAGTTAATATCTCAATAATAATCAAATAACCTCTTCCAAACCTAGATCCATAGCCTGACGTAAAAGTTGTTGTAACACTAAAAAGACCATCTAAAAGACCATTTGCAGCCTTACCCCTAAAGGGCCTGTTGGGATGAATATCATAAGAATTGCCAAATTCATTCTCAAGCACAAAATCAACATCAAGGCAAATGTGAAACAATACATTTTCAAATTCATTAAATTTCGATATATTCACTTAAATTAAATCTCAACTATGGTTTTTCCAGACCCTCCATCACTAGGGTGAGCAAAATAATATTTTCTAATAAACTTCAATTCTTTTAATAAATTGTGAACTTCTCTCATAAGATGGCCCTCCCCTTTTCCATGAATGATCTCAAATTTATTAATACCATTTAATATAATATTATCTATTTTCTTATTCAAAAAGTCTAGAGCATCAACAGACCTCATACCCCTAATATCAATGGTAAAGCTTAATAAATTTTCCTTATTATAATCAATTGAAAAGTTAAAATTTTTTCCATTCTCTTTTTTTTCTTTAAAGTTTTCCAAAGATATCTCTGAGCTAGAAACACTAACATTAAAAGCACCTACATTAACGGTGATCTTCTTTTTTGAGATCCCGACTATTTTTCCTTTTGCATTAGAATTAACTATTCTAACCTTGTCTCCTATTTTAAAATCTGCAACTACATTTCTCTTATTGTTAAGAGAATTCACTTTATTTGTCTTGAGGTCTACATTTTTTTCCAAATCTGATATAAAAGCTTTATTCTTTGCAACATTAATATTGCCCTCTTTTATTTCTCTAACCAAATTTTCTAAAACTTTTCTTGAATTTTTTAAAAATTCATTCTGCTCATTTAAAAGCTTTGTCTCAATATTTTTTTCCCTTAATAAAAGATCTTGATAAAAATTTTCTAGCTCTTTTTCTTGCAATTCTATTTGGATTAATTTCTTATCCATACTTTCTTTAATTAAAAGCAAATCTTTTTCTTTTTCTATTAATTTTTCTAAAATTTCATTAATTTCTGTTTTTTGAGATGAATAAATTTCATTAGCACGAATTACTATGCTCCTGTCAATCAAAGCCTTGCTAGCAACATTAAACGCATAACTTTCACCAGGAATGGAAAAAATTAAATTATAATTGGGCTGCATTGTCTCTAAATCCATCCGCATAGAAGCATTAACAACACCTTCATGGGTATATGCAAAATATTTAAGAGCATTATAATGAGTTGATATTAAAACATAAGAATTAATATTGATCAAATATTCAAGAATTGAAATAGCAAGCGCCTGACCTTGATCAATGTCTGTTCCTGAGCAAAATTCATCAAATATTACAAGGCTATCTTTTGTAGTATGTTTTAAAATATAAGAAATATTGCTCATATGGCTTGAAAAAGTTGAAAGAGAATTAGAAATTGACTGCTCATCACCAATGTCAATAAAAATGTTATCAAAAATTTTAAAAGTGCTAGACTCACCAACAACAATAGGGATCCCAAATTGAAACATTGCACTAAGTAGTCCAATTGTCTTTAAAGTTACCGTTTTTCCACCAGCATTAGGACCAGTAATAATTACAACACGATTCTCAGCAGGAGTAAAAGTTATTGCCTTTGAATCCTTTAACAAAGGATGGTGTGCATCAAAAATATTTAATACATTTGAAATCTCGGGAAATACCCCTTTAGTTTTGATTCCATAAATCGCTCGAGCTTTTAAAGAATCATAATACAAAAAATTATTATAAAGGTTATCTAAAAGAACAATGTTGCTATGAACTTTAGCAGAAAGATTTCGTAAAATTTTTAAAATTATTCTTTCTTTTTCTAAGCTCAAATAATTTAACCTGTTGTTAGCATTTACAATATCGTTTGGCTCAATATAAAATGTTTCACCTGATGACGAAATAGAAATAATATTACCCTTAATTTTGCCTTTAAAATTAGACTTAAGAGCAAGGGTATATTTATTCGATTTATAACAAACAAAATTAGAAGTCAAATATTCTGCGTTCAAACTAATTATTTTTTTTATCTGATTTTCAACTCGTCTATTTAAATTTTTAATTTCAAATTCAATCGAATCATATTCTTTTACAACACCACTTTTCAATTCAAGAGCATCAACATCTATATGTTCTTTCAATTCATTAAGCAAATTTTTTAGCTCTGGGTTTAAAAATAATAAATCAGATAAAATCTGAACATTAAGATGCTTGATATCACTATTTTTATGCAAAAATAAATTTATTCTTAAAACCTCATCTAAAAACACTATAATATCTCTCAAATTTTCAATAGAAACTCTTGAATTTTCTTTTAATAATAATGAAATGGGATATTTTAAACTATTTATAAAAGAATTTGGATATCCTTTGCAACTTTCAAAAAGCATTCTAATCAGACTTACAAAGGAGAATATTTTCTCTAAACTTTCTTTTGTTTTTAATATTTTTTGATTACTTAGTAAATTAACAGTATCCGGATTAGAAACGTATTTAGATACTAAAGATAAAATTTCATAAAAGTCAATATTTTTTAAATATTTATCTTGTTCATCTTGCATAATTTTTATAATTTTTAAGCTCTGACAAAATCTTTAAATAGCTTTCGTATCTAAGTTTAGAAATTCCATTATCCAAAGAACTTGTAACAGAACAATAAGGTTCGCTAACATGCAAACAGGATTTATATTTACAAAAACTAGCAAAATTTTCAAACTCTTTAAAATAATACTTAAGATTCTCAAAGGGTAATGTTTCAATTCCAAACTCCTTTATTCCTGGAGTATCAACTATTATTCCGCTATCAGAATGAAATGATATTGAATAAACGGTAGTATGTTTTCCCCTAGAATACTTATGTGAAATTTCATTTACCGATTGAGAAGCTCTTGAATCAATCAAATTTATCAAAGAAGATTTACCAACGCCAGACTGGCCAATAAAAGAAGTTCTTGAATTTTTCAAAACCTCTTTTACTTCTTTAATGCCCTCATAAGTTTTAACAGAAGTTTTTAAAACCTTGTATCCTAGATTTTCATAAATTTCAGAAAATTCTTGTGCCTTTTGGCTTATTCCTTTGTCAATTTTATTAATCACAATAATAGGAACAATATTTTGTTCTTCTGCAACAATAAGAACTCTGTCAATAAAGAAATTTTTCATCTCAGGAAAATTAGCAGAACTTACAATCAAAACATTATCAATATTAGAAACAATTGTCTGTCTAAGATCTGCTTTCTTATTGTAACGCCAAAGAATATTTTTCCTGCTTAATCGCTTATCAATATACACTTTGCGAGAACTATAAATATATCCTAAGACTATATCCCCCGGAACTAAAGGACTGTACTCCTTGCAACCTGTTTCTAATACCTTACCCTTAAAAATTCCTTCATAAATTAACTTACTGTTAAGCTCTAAAATAGAATATATATTATTAACTCCCCAAATAACTTCAAATTCAAGATAATTCAAACTATCATTCCCTTAAAGCGAAGATTATATTTTTTGCAAAAATTTTGATAAAAAGTCAAATTTTTATTTTCGGTCAAATAAAACTCATCATCTACAAAATCAAAATCATTCTTATAATAATTACCTTTGTGTTCAGAAAAATTCATTGATCTAATAAGATTTTTTACCACTAATTCACGATTCTCATAAACAGGAATTTTTAAAAAATCTTCTATCATTACCTTAAGATGCAAATAATGCGTGCATCCAAGAAAAACAATTTCTCTACCAGTATTTACAACTTCAAATTTTAAAGCTTCTAAACATCTAAGAGCATATTTTTTGTAATTCTCTCCATATTCAACAAAATTAACAAGCTCTCCAGCAGCTTTTACAATCAAATCATTATGTATATTTACTTGATCCTTAACAAATTTGCTTTCAAGAGTAGTATTTGTTGCAATCAAAAGAACTCTTTTTAAAACAAGATCTGAAACTGAACTTACATCTGGCAAAGTATAGACTACTGGAAAAACAAAATTTAATTTATTGTATACACTAACAGAAATTGTATTACAAGCCAAAACTAATGCACCAATATTATAGATTTTTTTAAGCTTCTCAATCAAAAACAAAACTGCTTCTAGAAGATATTCAGGACTTTTTTCTCCATAAGGGAAATTTTTATTATCGGCAACATAAACATATTGGCATCCCCCTATTCTACTTTTAATATATTTAAAATAAGAAAGCCCTCCTATTCCTGAATCAAAAATAATTATTACTTCTTTGAAATTTTTCATTACAAAATAATAATCACCCCTAAAAAGTAAAGTATAAATATTAACAAAGTTAATATCAAGAATTAAAATAATAAAAATTGTTAAATGTTTTTTTTAAAAAAAGTTTTAAGCTATAATAAAATTGATTTAACAATATTAATAAGTTAAGTATTTAGGATGATAAATAAA
Borrelia burgdorferi B31;nagA;Bacteria;Spirochaetes;00603 Glycosphingolipid biosynthesis - globo series;150973;144598;GGTCTTATATTTTTCTGGAACCCACGTCTTTACAATCTCTTTATTCTTTTCAACAAATTCAACCGCATTGCGGTATTCTTTGCCTGGCTCTTTATCATTTTTATCCATTAAGGGCAATATTAAATCATCGCTCCAATAAAAATGATCAAAAACATAATATGCATCAAAATCATCATTTTCAAGACCAAGTCTAACAAGAGTATGCACGCTCTCAATTCCCCCCATAATTAAATCAGGATCATCAAGAAACTTAATATCATACCTAGAAAAAGCCCAATGAGGCTTCCACAAAGGAACTAAAATCCATTCGTTTCTCTTTATTGAAGAATCTAAACTTGCAAGCATAACACTCTCACTTGAAGGAACTAGCTCATACTCTTTACTTAATCCATAATAATTAAGCGCTTGTTCTGTAACAATTTGAGTTCCCGCACCAGCATCTATGCCAATCATTTTGTTTTTAAACTTATCACCTTTACCCTTAAGCTCACTAATGCTGGAAATTGGAACATAGCTTGGCACCACAAAACCTTGAATGGTTCCTTCATAATTTGCACCAAGATCAACAAACTTTGTTTTCAGTTTTTCATAATAAAATTTATCGGCTGTAGGAACCCAAGAAGACACCGTACCGTCTATCTTTCCAGATGCTAAGTATTGATACATTATAGACGTAGTAACTGAAAATATTTCTGCATTGTAGCCCATTTTCTCAAAAACAACCTTTAATACATTTGTAGCTGCCGTTTCTCCACCCCAATTCACATATCCAATTTTTACCGATTTTAAATTCTTTGAACTCTTTTTTTCATCACAAGACAAAAACATAAAAATAATAAAAAATAAAAATAATTTATACATAAAATATCCTCCTTATTTATTATAGATTTCTAAGAATCTTTTAAATTTATTCTCTTTCTTTCCACCATAATGATCTGTGTTTAAATAGCTAAATTTAATAAAGATAGATTGCATAATCCTATCTAAAATAATAGCTATAATAACAACTGCTAATCCAGATATTAAACCCTCACCAAAATTTAATCTTTCTATAGAGTAAATCACAGTTCTGCCCAAACCAGACGATCCAACCATTGCAGCAATTACTATCATAGATATAGCCATCATTATTGACTGATTAATACCTTCAATTATACTTTGAAGAGAAAGGGGAAGTTGAACTTGAAAAAGAATGCGCAAATTACTACTACCAAAGGACTTAGCTGCCTCTATTACCTCATCTGAAACTTGAACAATTCCCAGCCTTGTATATCTAATAACAGGGGGCATAGCAAAAACTATTGTAGCAAAAATAGCAGAAGCTGTACCCATTCCAAAAAAAGGAATAGCGGGAATCAAGTAAATAAAAGGGGGCATGGCTTGCATTAAATCTAGAATAGGTTTCAAAAAAACATAAAATCTTGGGAAATATCCGCCCAAAATACCTATAGGAATTCCCAAAATAACAGAAACTAATACAGAAACAAATATAATAGCTATTGTATCCATTGAAGCTTCCCAAAGATTAAAATACAAAATAAAAAAGAATCCGGGTAAAATTAAAAATATTAACCTCTTTTTTAAAAAAACAAAACTTAGCAAACATACAGTCAAAATAAAAAGAAGTGGGTTAACAAAAAGAAATAAATTTTTTAAATTTTCATATAAAAAAATTATACTTTTAGAAAAACCTACTCCATCAGAAATTGAAAAATTATCAACCAAAAAATCAAAAAAATTATCTATTTTTAATATAAAAAAATCTTTAGTCATAAATTCCTATCTTGATAATAAATAAGAGATTTCATTTAAACTAATATATCCGACAACAGTTCCCTTTTCTTTTATTATTAAATAATCTTGCTTATTTAAATATTCAACAATTTTTTTTATCTCATCGTTTAGATCTAAATTTAAAGATACAAGATTATCATACCTTTTGTTAAGAGCTTTGTCATACAAACTAAAATTTTCACCTTGACATTTAATAATAACATTTAAGCCATTATCACCACCAGAGTTTAAATCAAAATCATCTTTTAAAATATCTTTTATTTTTAAAATATTTAAAACAGGTAAATTTTTAATAAAATCAGATATAAAATCTGTACTAGGATTAGCTAAAATTTCCAAAGGTTTGCCAACTTGAATAATTTTTCCATCTCTCATAAAAGCAATTCTATGTCCCAATTTAAAAGCTTCATTTAAATCATGGGTAATAAACACAACTGTTTTTTTAAGCTTGGCTACTAGCCTCAAAAGTTCTTCCTGCATTTCTCCTTTAATTAAAGGATCAAGTGCCGAAAAAGCTTCATCCATTAAAAGAATATCTGGATTAACCACCAATGCCCTTGCTATTCCAACTCTTTGTTTCATTCCTCCAGAAAGCTCATTAATATACTTATATTTTGAATCTTCAAGCCCCACAAGATTTAATACCTCAATAGCACGTTCTTCTCTAATCTTTCTGGGGATATGCTTAACCTCAAGTCCATATGTAACGTTTCTTAGTACATTCATATGGGGAAAAAGTCCAAAATTTTGAAAAACCATTGCAAATTTATCTTTTCTTAAATTAGAAAGATCTTTACGATTTATAGCATTCATTTCCATATTATTTACCAAAATAGATCCTGAATCTATTTTATAAATACCATTTAAACACCTGACTAAAGTAGACTTGCCACAGCCCGACATACCCATAATAACTAAAATTTCATTTTCATAAACATCAAGATTAATATTGGCATTTGCAATAAAAATAGAAGATTCTTTGTAGATTTGCATTCTATCTTTGCCATCTTCATAGTCTTTTATAGCTCGACTTATCTGCTTTTTGTTAACATAATACGAAAATACTTTATAACAATCTTTAATTTTAACAGCAACCCTACTCAAAGCAAACTCCTCAATAAGCCTGCATTATGCTTTATAACACATCATTATAAATTATACTAAAATTATTAAATTTTTGCCGATCTGAAATAAAAAAACAAAAGATCCTTTAAAGGATCTTTTGTTAATACAATTTATACCAATTAAACTAGAATTTTATCTAAGCAATGACAAAACATATTGGGGAACTTGATTAGCCTGCGCAATCATTGCCATTGCAGATTGTGTTAAAATACTATTAGTTGTTGCTGCTACAACCTCATCTGTCATTGTAGCATCTTTTATTTGAGCATAAGATGCTTTTAGATTTTCAATTGCATACTCAGTACTATTCTTTATAGATTCAAGTCTATTTTGGAAAGCACCTAAATTTGCCCTTTGATCACTTATCATTCTAATAGCATTTTCAATTTTAGCAAGTGATGTATTAGCATCAACTGTAGTTGTAACATTAACAGGAGAATTAACTCCGCCTTGAGAAGGTGCTGTAGCAGGTGCTGGCTGTTGAGCTCCTTCCTGTTGAACACCCTCTTGAACCGGTGCAGCCTGAGCAGTTTGAGCTCCCTCACCAGAGAAAAGATTTGCAACATTAGCTGCATAAATATTTACAGCAATAGCTTCATCTTGGTTTGCTCCAACATGAACTCTTAAAGTCCAAGACGCTTGAGACCCTGAAAGTGATGCTGGTGTGTTAATTTTTGCAGGCTGCATTCCAAGCTCTTCAGCTGTTCTTACATTTTGAGAAGCAGATTTGTTTGATAACATGTGCATTTGGTTATATTGAGCTTGATCAGCAATTCTATTAATTTCGTCTGTAAGTTGCTCTATTTCAATTTGTATAGAACCTCTGTCTGCATCTGAATATGTGCCGTTACCTGATTGAACTGCCAATTCCTTCATTCTTACTAAGACTTTTTCTACTTCATTTAAATTCCCTTCTGTTGTCTGAATAAAATTAATAGCCTTTGAAGTATTTCTAGAAGCTTGTGACAAACCTCTTATTTGAGCATTAATCTTACCAGAAACTCCCATGCCAGCAGCATCATCAGAAGCTCGATTAATTCTGTACCCACTAGAAAGCTTTTCTTGAGTTTTACTAAGATTAGCAGCGTTAATGCCATTATTTCTTGAAGCATTAATAGCTGATGTATTATGATTGATAATCATATATCATTCCTCCATGATAAAATTTAAATTTCTGACTTTGGCAAATCCTTTTGCCTGTTAAAAAGAATAGCACAAAAATTAAAAAAAAAGAAACGCAAATAGCAATAGCATTAAAAATAATTATTATTATTTATTTCTTTGATTAAAATCAAAAGCCTTTAATGTATTTTCTTGATCTTTCATGCGCTTAACGGTAAAATCCAAGGTATTAAGTTCACCTTCCACTTTTCTCTCTCTATCTTCGTACTTCTTTTTATAATCTTCAACTTTATTTTTTTGATTAAAAATTTTCAAGTCGTAATTCTTTATTTTATTATAAATAACTCCTCCGGAAGCCACAAGAGGCGACAGACAATCTCCTAGCATTTTAGCAATTCCATTATCATACACTCTGTCACCATTAAGATCATATAAAAAAAGCTCTCTAACATTATCAATATTATTACGAATTGATTCATCAAACTTTTTCTCATCAAGTCTTAAATATCTAGAAAGTCCACCAGAAGAAGAAATGGAATTTGTAAAAACTCCCATCTGATTAATTATTGAAAAATTAGGATCACTAGTAACATAAGGCTTAAAAATTATTGACTCTAGCTTGGACTTAAGATTTTTTAATAAAAATTCAGACCTTAGAATACCTAAATTTTTATAAGCCTCTTCTTTTTGAGAATCACTAAGATAAGTTAGCTCTTCAACTATATTAGACTTTTGATTATTAGGCTGATCTTCATTAGAGCTTACAATATTAATCTCAGCAAGAACCTCATTATAAGCACCAATAAAATCTAAAAGAACCCTCTTAATCCCCTCATAATCAGGTTCAATTTTAGCCTCAACCATATCACTTGAGGGTTTTTTTAAACTTAATGTCACATTTGGAACCAAATCATTTATAACATTTGAATCTCTCTCAACATCTACTCCATCAAATTTAATTTTTGCATTTTCAGCAAAACTTTTAGCATTTATTGGCAAATGACCATCTCTATTTTTTGGATCAAAAATTTCAACATTGCTAATCACAATTACTTTATTATTTGCTTTATTTTCAATATTTATTTCTTCCAAATTAGAAAGAGCTCCAACATCAACTTCAACTTCTTCAAAATTATTTGAAATATTTATTAAAGGAAGCTCCAAAGAACCTTCCTTGCTACATATTTTAACCATATTCATTTGAATATATTTTTTTTCCAAAGGGGTTTTTAAATCAGATCCAAGATCAACTACACTATCTTCACTCTCAACTTTTGCATCCTTAAATGTAGCCCCTCCGGGATTAAAAATAATCTTACTATCAGGCTCTTCCAAGCCTGTATCAAAATACTTAACTTCAAATTTAATCTTACTCCTAGATGTAATTTCAATATCTTCAGGAATTTCAATTGATACTTCTGAAAGCGGATTTAAAACAAGACCATTGTTCTCAAAAGCAAGTTTATTGTTGCTGCTAGATTGATTTACAACAATATCTGAAAGATTAGGATTAAAATTGGTTTTAAGCTCACTTAAAATTCCAATTTGCTTAGCAAAAGACAATCCCTCCCCTTTGATAACAAGCTTGTTTTCTTTGCCCTCCTTTAAGGATTGCAAAACAAAACGACTATTTCCATTTTTATCACTTTTCACTATTTTTGCAGATAAAAAGCCCTTTCCCTTGTTATTAATATCCTTCACAAGTAAATCAATGTTGCCATTACTTTTTACATTAATTTCTTTCTTGCCAACTAAAAATATATAATCTCCCTCTGGGATTGTAACTTTTTTAGGATCAAAATTTGAAGACAAAAACACATCAGCTGACGCTATTTGATCAACAATTAATTTATGAGTCTCATTCTTAGATCCATATCTAGTAGACAAAGTTAAAACTTCGCTATTACTAGAATTTCCTGACATTAGATTAAAAGGACTGTTGAGTGATGTAAGTTCTTTTGCAAGAGAATTTAAAGTAGAGATTTTTCTATTAATTAACTGCCAGGCACTTTTCTCTTGCTCTAAAGATTCAAGTTTCTTAAAAGAAGAATCAATTTTAGCCTTATCGGACTTAAGCATGGATTCACGAATTTCTTTAGTATTGTACTTACTCTCAAGTCCAGGAACAAAAAATCCTGATGCCAAAATATTGCCCTCCGGGGTAAATTATATCATTAATAAAATTGAAAACAAAATATAATGTATAATTAAAAAAATAAAATAAATTTTAAAAACATGAATTCTTAAGCATCCAAACACTTTAAAATAAAAAATATAAGCTTTAAAAAAGATTAATGCTTATAGTAAAATAAAATAAATAAAAGGAAAATAAAAA
Borrelia burgdorferi B31;nagA;Bacteria;Spirochaetes;nagA;150973;144598;GGTCTTATATTTTTCTGGAACCCACGTCTTTACAATCTCTTTATTCTTTTCAACAAATTCAACCGCATTGCGGTATTCTTTGCCTGGCTCTTTATCATTTTTATCCATTAAGGGCAATATTAAATCATCGCTCCAATAAAAATGATCAAAAACATAATATGCATCAAAATCATCATTTTCAAGACCAAGTCTAACAAGAGTATGCACGCTCTCAATTCCCCCCATAATTAAATCAGGATCATCAAGAAACTTAATATCATACCTAGAAAAAGCCCAATGAGGCTTCCACAAAGGAACTAAAATCCATTCGTTTCTCTTTATTGAAGAATCTAAACTTGCAAGCATAACACTCTCACTTGAAGGAACTAGCTCATACTCTTTACTTAATCCATAATAATTAAGCGCTTGTTCTGTAACAATTTGAGTTCCCGCACCAGCATCTATGCCAATCATTTTGTTTTTAAACTTATCACCTTTACCCTTAAGCTCACTAATGCTGGAAATTGGAACATAGCTTGGCACCACAAAACCTTGAATGGTTCCTTCATAATTTGCACCAAGATCAACAAACTTTGTTTTCAGTTTTTCATAATAAAATTTATCGGCTGTAGGAACCCAAGAAGACACCGTACCGTCTATCTTTCCAGATGCTAAGTATTGATACATTATAGACGTAGTAACTGAAAATATTTCTGCATTGTAGCCCATTTTCTCAAAAACAACCTTTAATACATTTGTAGCTGCCGTTTCTCCACCCCAATTCACATATCCAATTTTTACCGATTTTAAATTCTTTGAACTCTTTTTTTCATCACAAGACAAAAACATAAAAATAATAAAAAATAAAAATAATTTATACATAAAATATCCTCCTTATTTATTATAGATTTCTAAGAATCTTTTAAATTTATTCTCTTTCTTTCCACCATAATGATCTGTGTTTAAATAGCTAAATTTAATAAAGATAGATTGCATAATCCTATCTAAAATAATAGCTATAATAACAACTGCTAATCCAGATATTAAACCCTCACCAAAATTTAATCTTTCTATAGAGTAAATCACAGTTCTGCCCAAACCAGACGATCCAACCATTGCAGCAATTACTATCATAGATATAGCCATCATTATTGACTGATTAATACCTTCAATTATACTTTGAAGAGAAAGGGGAAGTTGAACTTGAAAAAGAATGCGCAAATTACTACTACCAAAGGACTTAGCTGCCTCTATTACCTCATCTGAAACTTGAACAATTCCCAGCCTTGTATATCTAATAACAGGGGGCATAGCAAAAACTATTGTAGCAAAAATAGCAGAAGCTGTACCCATTCCAAAAAAAGGAATAGCGGGAATCAAGTAAATAAAAGGGGGCATGGCTTGCATTAAATCTAGAATAGGTTTCAAAAAAACATAAAATCTTGGGAAATATCCGCCCAAAATACCTATAGGAATTCCCAAAATAACAGAAACTAATACAGAAACAAATATAATAGCTATTGTATCCATTGAAGCTTCCCAAAGATTAAAATACAAAATAAAAAAGAATCCGGGTAAAATTAAAAATATTAACCTCTTTTTTAAAAAAACAAAACTTAGCAAACATACAGTCAAAATAAAAAGAAGTGGGTTAACAAAAAGAAATAAATTTTTTAAATTTTCATATAAAAAAATTATACTTTTAGAAAAACCTACTCCATCAGAAATTGAAAAATTATCAACCAAAAAATCAAAAAAATTATCTATTTTTAATATAAAAAAATCTTTAGTCATAAATTCCTATCTTGATAATAAATAAGAGATTTCATTTAAACTAATATATCCGACAACAGTTCCCTTTTCTTTTATTATTAAATAATCTTGCTTATTTAAATATTCAACAATTTTTTTTATCTCATCGTTTAGATCTAAATTTAAAGATACAAGATTATCATACCTTTTGTTAAGAGCTTTGTCATACAAACTAAAATTTTCACCTTGACATTTAATAATAACATTTAAGCCATTATCACCACCAGAGTTTAAATCAAAATCATCTTTTAAAATATCTTTTATTTTTAAAATATTTAAAACAGGTAAATTTTTAATAAAATCAGATATAAAATCTGTACTAGGATTAGCTAAAATTTCCAAAGGTTTGCCAACTTGAATAATTTTTCCATCTCTCATAAAAGCAATTCTATGTCCCAATTTAAAAGCTTCATTTAAATCATGGGTAATAAACACAACTGTTTTTTTAAGCTTGGCTACTAGCCTCAAAAGTTCTTCCTGCATTTCTCCTTTAATTAAAGGATCAAGTGCCGAAAAAGCTTCATCCATTAAAAGAATATCTGGATTAACCACCAATGCCCTTGCTATTCCAACTCTTTGTTTCATTCCTCCAGAAAGCTCATTAATATACTTATATTTTGAATCTTCAAGCCCCACAAGATTTAATACCTCAATAGCACGTTCTTCTCTAATCTTTCTGGGGATATGCTTAACCTCAAGTCCATATGTAACGTTTCTTAGTACATTCATATGGGGAAAAAGTCCAAAATTTTGAAAAACCATTGCAAATTTATCTTTTCTTAAATTAGAAAGATCTTTACGATTTATAGCATTCATTTCCATATTATTTACCAAAATAGATCCTGAATCTATTTTATAAATACCATTTAAACACCTGACTAAAGTAGACTTGCCACAGCCCGACATACCCATAATAACTAAAATTTCATTTTCATAAACATCAAGATTAATATTGGCATTTGCAATAAAAATAGAAGATTCTTTGTAGATTTGCATTCTATCTTTGCCATCTTCATAGTCTTTTATAGCTCGACTTATCTGCTTTTTGTTAACATAATACGAAAATACTTTATAACAATCTTTAATTTTAACAGCAACCCTACTCAAAGCAAACTCCTCAATAAGCCTGCATTATGCTTTATAACACATCATTATAAATTATACTAAAATTATTAAATTTTTGCCGATCTGAAATAAAAAAACAAAAGATCCTTTAAAGGATCTTTTGTTAATACAATTTATACCAATTAAACTAGAATTTTATCTAAGCAATGACAAAACATATTGGGGAACTTGATTAGCCTGCGCAATCATTGCCATTGCAGATTGTGTTAAAATACTATTAGTTGTTGCTGCTACAACCTCATCTGTCATTGTAGCATCTTTTATTTGAGCATAAGATGCTTTTAGATTTTCAATTGCATACTCAGTACTATTCTTTATAGATTCAAGTCTATTTTGGAAAGCACCTAAATTTGCCCTTTGATCACTTATCATTCTAATAGCATTTTCAATTTTAGCAAGTGATGTATTAGCATCAACTGTAGTTGTAACATTAACAGGAGAATTAACTCCGCCTTGAGAAGGTGCTGTAGCAGGTGCTGGCTGTTGAGCTCCTTCCTGTTGAACACCCTCTTGAACCGGTGCAGCCTGAGCAGTTTGAGCTCCCTCACCAGAGAAAAGATTTGCAACATTAGCTGCATAAATATTTACAGCAATAGCTTCATCTTGGTTTGCTCCAACATGAACTCTTAAAGTCCAAGACGCTTGAGACCCTGAAAGTGATGCTGGTGTGTTAATTTTTGCAGGCTGCATTCCAAGCTCTTCAGCTGTTCTTACATTTTGAGAAGCAGATTTGTTTGATAACATGTGCATTTGGTTATATTGAGCTTGATCAGCAATTCTATTAATTTCGTCTGTAAGTTGCTCTATTTCAATTTGTATAGAACCTCTGTCTGCATCTGAATATGTGCCGTTACCTGATTGAACTGCCAATTCCTTCATTCTTACTAAGACTTTTTCTACTTCATTTAAATTCCCTTCTGTTGTCTGAATAAAATTAATAGCCTTTGAAGTATTTCTAGAAGCTTGTGACAAACCTCTTATTTGAGCATTAATCTTACCAGAAACTCCCATGCCAGCAGCATCATCAGAAGCTCGATTAATTCTGTACCCACTAGAAAGCTTTTCTTGAGTTTTACTAAGATTAGCAGCGTTAATGCCATTATTTCTTGAAGCATTAATAGCTGATGTATTATGATTGATAATCATATATCATTCCTCCATGATAAAATTTAAATTTCTGACTTTGGCAAATCCTTTTGCCTGTTAAAAAGAATAGCACAAAAATTAAAAAAAAAGAAACGCAAATAGCAATAGCATTAAAAATAATTATTATTATTTATTTCTTTGATTAAAATCAAAAGCCTTTAATGTATTTTCTTGATCTTTCATGCGCTTAACGGTAAAATCCAAGGTATTAAGTTCACCTTCCACTTTTCTCTCTCTATCTTCGTACTTCTTTTTATAATCTTCAACTTTATTTTTTTGATTAAAAATTTTCAAGTCGTAATTCTTTATTTTATTATAAATAACTCCTCCGGAAGCCACAAGAGGCGACAGACAATCTCCTAGCATTTTAGCAATTCCATTATCATACACTCTGTCACCATTAAGATCATATAAAAAAAGCTCTCTAACATTATCAATATTATTACGAATTGATTCATCAAACTTTTTCTCATCAAGTCTTAAATATCTAGAAAGTCCACCAGAAGAAGAAATGGAATTTGTAAAAACTCCCATCTGATTAATTATTGAAAAATTAGGATCACTAGTAACATAAGGCTTAAAAATTATTGACTCTAGCTTGGACTTAAGATTTTTTAATAAAAATTCAGACCTTAGAATACCTAAATTTTTATAAGCCTCTTCTTTTTGAGAATCACTAAGATAAGTTAGCTCTTCAACTATATTAGACTTTTGATTATTAGGCTGATCTTCATTAGAGCTTACAATATTAATCTCAGCAAGAACCTCATTATAAGCACCAATAAAATCTAAAAGAACCCTCTTAATCCCCTCATAATCAGGTTCAATTTTAGCCTCAACCATATCACTTGAGGGTTTTTTTAAACTTAATGTCACATTTGGAACCAAATCATTTATAACATTTGAATCTCTCTCAACATCTACTCCATCAAATTTAATTTTTGCATTTTCAGCAAAACTTTTAGCATTTATTGGCAAATGACCATCTCTATTTTTTGGATCAAAAATTTCAACATTGCTAATCACAATTACTTTATTATTTGCTTTATTTTCAATATTTATTTCTTCCAAATTAGAAAGAGCTCCAACATCAACTTCAACTTCTTCAAAATTATTTGAAATATTTATTAAAGGAAGCTCCAAAGAACCTTCCTTGCTACATATTTTAACCATATTCATTTGAATATATTTTTTTTCCAAAGGGGTTTTTAAATCAGATCCAAGATCAACTACACTATCTTCACTCTCAACTTTTGCATCCTTAAATGTAGCCCCTCCGGGATTAAAAATAATCTTACTATCAGGCTCTTCCAAGCCTGTATCAAAATACTTAACTTCAAATTTAATCTTACTCCTAGATGTAATTTCAATATCTTCAGGAATTTCAATTGATACTTCTGAAAGCGGATTTAAAACAAGACCATTGTTCTCAAAAGCAAGTTTATTGTTGCTGCTAGATTGATTTACAACAATATCTGAAAGATTAGGATTAAAATTGGTTTTAAGCTCACTTAAAATTCCAATTTGCTTAGCAAAAGACAATCCCTCCCCTTTGATAACAAGCTTGTTTTCTTTGCCCTCCTTTAAGGATTGCAAAACAAAACGACTATTTCCATTTTTATCACTTTTCACTATTTTTGCAGATAAAAAGCCCTTTCCCTTGTTATTAATATCCTTCACAAGTAAATCAATGTTGCCATTACTTTTTACATTAATTTCTTTCTTGCCAACTAAAAATATATAATCTCCCTCTGGGATTGTAACTTTTTTAGGATCAAAATTTGAAGACAAAAACACATCAGCTGACGCTATTTGATCAACAATTAATTTATGAGTCTCATTCTTAGATCCATATCTAGTAGACAAAGTTAAAACTTCGCTATTACTAGAATTTCCTGACATTAGATTAAAAGGACTGTTGAGTGATGTAAGTTCTTTTGCAAGAGAATTTAAAGTAGAGATTTTTCTATTAATTAACTGCCAGGCACTTTTCTCTTGCTCTAAAGATTCAAGTTTCTTAAAAGAAGAATCAATTTTAGCCTTATCGGACTTAAGCATGGATTCACGAATTTCTTTAGTATTGTACTTACTCTCAAGTCCAGGAACAAAAAATCCTGATGCCAAAATATTGCCCTCCGGGGTAAATTATATCATTAATAAAATTGAAAACAAAATATAATGTATAATTAAAAAAATAAAATAAATTTTAAAAACATGAATTCTTAAGCATCCAAACACTTTAAAATAAAAAATATAAGCTTTAAAAAAGATTAATGCTTATAGTAAAATAAAATAAATAAAAGGAAAATAAAAA
Borrelia burgdorferi B31;nagB;Bacteria;Spirochaetes;00520 Amino sugar and nucleotide sugar metabolism;152205;152180;CTTTAATCAATTTTAAGGAGATCTCA
Borrelia burgdorferi B31;nagB;Bacteria;Spirochaetes;nagB;152205;152180;CTTTAATCAATTTTAAGGAGATCTCA
Borrelia burgdorferi B31;alr;Bacteria;Spirochaetes;00310 Lysine degradation;160089;160043;ACTACAAATTAATAGAAAAAAGATTTTTACTTCTCTAAGAGAGCTAA
Borrelia burgdorferi B31;alr;Bacteria;Spirochaetes;alr;160089;160043;ACTACAAATTAATAGAAAAAAGATTTTTACTTCTCTAAGAGAGCTAA
